commit_sha,commit_title,commit_idx,phase,kernel,size,avg_ns,gflops,speedup_vs_baseline,timestamp
e8125cc,bench: expand L1/L2 coverage and use local src imports,1,phase0_baseline,axpy,256,46.025168,11.124348,1.000000,2026-04-23T07:05:53.825829+00:00
e8125cc,bench: expand L1/L2 coverage and use local src imports,1,phase0_baseline,scal,256,46.616324,5.491638,1.000000,2026-04-23T07:05:53.825829+00:00
e8125cc,bench: expand L1/L2 coverage and use local src imports,1,phase0_baseline,dot,256,74.703195,6.853790,1.000000,2026-04-23T07:05:53.825829+00:00
e8125cc,bench: expand L1/L2 coverage and use local src imports,1,phase0_baseline,nrm2,256,73.646109,3.476083,1.000000,2026-04-23T07:05:53.825829+00:00
e8125cc,bench: expand L1/L2 coverage and use local src imports,1,phase0_baseline,sum,256,71.595986,3.575619,1.000000,2026-04-23T07:05:53.825829+00:00
e8125cc,bench: expand L1/L2 coverage and use local src imports,1,phase0_baseline,rotm,256,109.816821,2.331155,1.000000,2026-04-23T07:05:53.825829+00:00
e8125cc,bench: expand L1/L2 coverage and use local src imports,1,phase0_baseline,rotmg,256,11.345987,0.088137,1.000000,2026-04-23T07:05:53.825829+00:00
e8125cc,bench: expand L1/L2 coverage and use local src imports,1,phase0_baseline,axpy,512,114.865315,8.914789,1.000000,2026-04-23T07:05:53.825829+00:00
e8125cc,bench: expand L1/L2 coverage and use local src imports,1,phase0_baseline,scal,512,83.954079,6.098572,1.000000,2026-04-23T07:05:53.825829+00:00
e8125cc,bench: expand L1/L2 coverage and use local src imports,1,phase0_baseline,dot,512,182.635406,5.606799,1.000000,2026-04-23T07:05:53.825829+00:00
e8125cc,bench: expand L1/L2 coverage and use local src imports,1,phase0_baseline,nrm2,512,171.367352,2.987734,1.000000,2026-04-23T07:05:53.825829+00:00
e8125cc,bench: expand L1/L2 coverage and use local src imports,1,phase0_baseline,sum,512,170.926387,2.995442,1.000000,2026-04-23T07:05:53.825829+00:00
e8125cc,bench: expand L1/L2 coverage and use local src imports,1,phase0_baseline,rotm,512,213.465625,2.398513,1.000000,2026-04-23T07:05:53.825829+00:00
e8125cc,bench: expand L1/L2 coverage and use local src imports,1,phase0_baseline,rotmg,512,15.240534,0.065614,1.000000,2026-04-23T07:05:53.825829+00:00
e8125cc,bench: expand L1/L2 coverage and use local src imports,1,phase0_baseline,axpy,1024,181.906396,11.258538,1.000000,2026-04-23T07:05:53.825829+00:00
e8125cc,bench: expand L1/L2 coverage and use local src imports,1,phase0_baseline,scal,1024,169.230114,6.050933,1.000000,2026-04-23T07:05:53.825829+00:00
e8125cc,bench: expand L1/L2 coverage and use local src imports,1,phase0_baseline,dot,1024,412.690644,4.962555,1.000000,2026-04-23T07:05:53.825829+00:00
e8125cc,bench: expand L1/L2 coverage and use local src imports,1,phase0_baseline,nrm2,1024,407.964213,2.510024,1.000000,2026-04-23T07:05:53.825829+00:00
e8125cc,bench: expand L1/L2 coverage and use local src imports,1,phase0_baseline,sum,1024,399.733889,2.561704,1.000000,2026-04-23T07:05:53.825829+00:00
e8125cc,bench: expand L1/L2 coverage and use local src imports,1,phase0_baseline,rotm,1024,422.028125,2.426379,1.000000,2026-04-23T07:05:53.825829+00:00
e8125cc,bench: expand L1/L2 coverage and use local src imports,1,phase0_baseline,rotmg,1024,11.589544,0.086285,1.000000,2026-04-23T07:05:53.825829+00:00
e8125cc,bench: expand L1/L2 coverage and use local src imports,1,phase0_baseline,axpy,2048,366.622278,11.172262,1.000000,2026-04-23T07:05:53.825829+00:00
e8125cc,bench: expand L1/L2 coverage and use local src imports,1,phase0_baseline,scal,2048,310.788743,6.589685,1.000000,2026-04-23T07:05:53.825829+00:00
e8125cc,bench: expand L1/L2 coverage and use local src imports,1,phase0_baseline,dot,2048,883.577293,4.635701,1.000000,2026-04-23T07:05:53.825829+00:00
e8125cc,bench: expand L1/L2 coverage and use local src imports,1,phase0_baseline,nrm2,2048,851.857494,2.404158,1.000000,2026-04-23T07:05:53.825829+00:00
e8125cc,bench: expand L1/L2 coverage and use local src imports,1,phase0_baseline,sum,2048,851.341749,2.405614,1.000000,2026-04-23T07:05:53.825829+00:00
e8125cc,bench: expand L1/L2 coverage and use local src imports,1,phase0_baseline,rotm,2048,839.418605,2.439784,1.000000,2026-04-23T07:05:53.825829+00:00
e8125cc,bench: expand L1/L2 coverage and use local src imports,1,phase0_baseline,rotmg,2048,11.609496,0.086136,1.000000,2026-04-23T07:05:53.825829+00:00
e8125cc,bench: expand L1/L2 coverage and use local src imports,1,phase0_baseline,axpy,4096,808.047408,10.138019,1.000000,2026-04-23T07:05:53.825829+00:00
e8125cc,bench: expand L1/L2 coverage and use local src imports,1,phase0_baseline,scal,4096,816.329360,5.017583,1.000000,2026-04-23T07:05:53.825829+00:00
e8125cc,bench: expand L1/L2 coverage and use local src imports,1,phase0_baseline,dot,4096,1856.861388,4.411746,1.000000,2026-04-23T07:05:53.825829+00:00
e8125cc,bench: expand L1/L2 coverage and use local src imports,1,phase0_baseline,nrm2,4096,1763.016092,2.323291,1.000000,2026-04-23T07:05:53.825829+00:00
e8125cc,bench: expand L1/L2 coverage and use local src imports,1,phase0_baseline,sum,4096,1760.214118,2.326990,1.000000,2026-04-23T07:05:53.825829+00:00
e8125cc,bench: expand L1/L2 coverage and use local src imports,1,phase0_baseline,rotm,4096,1674.356130,2.446313,1.000000,2026-04-23T07:05:53.825829+00:00
e8125cc,bench: expand L1/L2 coverage and use local src imports,1,phase0_baseline,rotmg,4096,11.313228,0.088392,1.000000,2026-04-23T07:05:53.825829+00:00
e8125cc,bench: expand L1/L2 coverage and use local src imports,1,phase0_baseline,axpy,8192,1736.620390,9.434416,1.000000,2026-04-23T07:05:53.825829+00:00
e8125cc,bench: expand L1/L2 coverage and use local src imports,1,phase0_baseline,scal,8192,1561.566160,5.246015,1.000000,2026-04-23T07:05:53.825829+00:00
e8125cc,bench: expand L1/L2 coverage and use local src imports,1,phase0_baseline,dot,8192,5032.240176,3.255806,1.000000,2026-04-23T07:05:53.825829+00:00
e8125cc,bench: expand L1/L2 coverage and use local src imports,1,phase0_baseline,nrm2,8192,3579.383040,2.288663,1.000000,2026-04-23T07:05:53.825829+00:00
e8125cc,bench: expand L1/L2 coverage and use local src imports,1,phase0_baseline,sum,8192,3579.274904,2.288732,1.000000,2026-04-23T07:05:53.825829+00:00
e8125cc,bench: expand L1/L2 coverage and use local src imports,1,phase0_baseline,rotm,8192,3386.650140,2.418909,1.000000,2026-04-23T07:05:53.825829+00:00
e8125cc,bench: expand L1/L2 coverage and use local src imports,1,phase0_baseline,rotmg,8192,14.189497,0.070475,1.000000,2026-04-23T07:05:53.825829+00:00
e8125cc,bench: expand L1/L2 coverage and use local src imports,1,phase0_baseline,axpy,16384,3677.733649,8.909835,1.000000,2026-04-23T07:05:53.825829+00:00
e8125cc,bench: expand L1/L2 coverage and use local src imports,1,phase0_baseline,scal,16384,2519.648938,6.502493,1.000000,2026-04-23T07:05:53.825829+00:00
e8125cc,bench: expand L1/L2 coverage and use local src imports,1,phase0_baseline,dot,16384,7322.633845,4.474893,1.000000,2026-04-23T07:05:53.825829+00:00
e8125cc,bench: expand L1/L2 coverage and use local src imports,1,phase0_baseline,nrm2,16384,7222.558872,2.268448,1.000000,2026-04-23T07:05:53.825829+00:00
e8125cc,bench: expand L1/L2 coverage and use local src imports,1,phase0_baseline,sum,16384,7199.186870,2.275813,1.000000,2026-04-23T07:05:53.825829+00:00
e8125cc,bench: expand L1/L2 coverage and use local src imports,1,phase0_baseline,rotm,16384,7263.457199,2.255675,1.000000,2026-04-23T07:05:53.825829+00:00
e8125cc,bench: expand L1/L2 coverage and use local src imports,1,phase0_baseline,rotmg,16384,11.563925,0.086476,1.000000,2026-04-23T07:05:53.825829+00:00
e8125cc,bench: expand L1/L2 coverage and use local src imports,1,phase0_baseline,axpy,32768,9382.032343,6.985267,1.000000,2026-04-23T07:05:53.825829+00:00
e8125cc,bench: expand L1/L2 coverage and use local src imports,1,phase0_baseline,scal,32768,6341.968370,5.166850,1.000000,2026-04-23T07:05:53.825829+00:00
e8125cc,bench: expand L1/L2 coverage and use local src imports,1,phase0_baseline,dot,32768,14616.377473,4.483738,1.000000,2026-04-23T07:05:53.825829+00:00
e8125cc,bench: expand L1/L2 coverage and use local src imports,1,phase0_baseline,nrm2,32768,14482.580179,2.262580,1.000000,2026-04-23T07:05:53.825829+00:00
e8125cc,bench: expand L1/L2 coverage and use local src imports,1,phase0_baseline,sum,32768,14483.612965,2.262419,1.000000,2026-04-23T07:05:53.825829+00:00
e8125cc,bench: expand L1/L2 coverage and use local src imports,1,phase0_baseline,rotm,32768,14493.273813,2.260911,1.000000,2026-04-23T07:05:53.825829+00:00
e8125cc,bench: expand L1/L2 coverage and use local src imports,1,phase0_baseline,rotmg,32768,11.780467,0.084886,1.000000,2026-04-23T07:05:53.825829+00:00
e8125cc,bench: expand L1/L2 coverage and use local src imports,1,phase0_baseline,axpy,65536,14106.130291,9.291847,1.000000,2026-04-23T07:05:53.825829+00:00
e8125cc,bench: expand L1/L2 coverage and use local src imports,1,phase0_baseline,scal,65536,11434.937364,5.731208,1.000000,2026-04-23T07:05:53.825829+00:00
e8125cc,bench: expand L1/L2 coverage and use local src imports,1,phase0_baseline,dot,65536,29276.104905,4.477098,1.000000,2026-04-23T07:05:53.825829+00:00
e8125cc,bench: expand L1/L2 coverage and use local src imports,1,phase0_baseline,nrm2,65536,29182.681900,2.245715,1.000000,2026-04-23T07:05:53.825829+00:00
e8125cc,bench: expand L1/L2 coverage and use local src imports,1,phase0_baseline,sum,65536,28963.386728,2.262719,1.000000,2026-04-23T07:05:53.825829+00:00
e8125cc,bench: expand L1/L2 coverage and use local src imports,1,phase0_baseline,rotm,65536,28937.071351,2.264777,1.000000,2026-04-23T07:05:53.825829+00:00
e8125cc,bench: expand L1/L2 coverage and use local src imports,1,phase0_baseline,rotmg,65536,11.320176,0.088338,1.000000,2026-04-23T07:05:53.825829+00:00
e8125cc,bench: expand L1/L2 coverage and use local src imports,1,phase0_baseline,axpy,131072,29789.525328,8.799872,1.000000,2026-04-23T07:05:53.825829+00:00
e8125cc,bench: expand L1/L2 coverage and use local src imports,1,phase0_baseline,scal,131072,22000.904241,5.957573,1.000000,2026-04-23T07:05:53.825829+00:00
e8125cc,bench: expand L1/L2 coverage and use local src imports,1,phase0_baseline,dot,131072,58128.636692,4.509722,1.000000,2026-04-23T07:05:53.825829+00:00
e8125cc,bench: expand L1/L2 coverage and use local src imports,1,phase0_baseline,nrm2,131072,58073.993733,2.256983,1.000000,2026-04-23T07:05:53.825829+00:00
e8125cc,bench: expand L1/L2 coverage and use local src imports,1,phase0_baseline,sum,131072,58082.511427,2.256652,1.000000,2026-04-23T07:05:53.825829+00:00
e8125cc,bench: expand L1/L2 coverage and use local src imports,1,phase0_baseline,rotm,131072,58296.063753,2.248385,1.000000,2026-04-23T07:05:53.825829+00:00
e8125cc,bench: expand L1/L2 coverage and use local src imports,1,phase0_baseline,rotmg,131072,11.352868,0.088083,1.000000,2026-04-23T07:05:53.825829+00:00
e8125cc,bench: expand L1/L2 coverage and use local src imports,1,phase0_baseline,axpy,262144,59272.994849,8.845310,1.000000,2026-04-23T07:05:53.825829+00:00
e8125cc,bench: expand L1/L2 coverage and use local src imports,1,phase0_baseline,scal,262144,43871.322866,5.975293,1.000000,2026-04-23T07:05:53.825829+00:00
e8125cc,bench: expand L1/L2 coverage and use local src imports,1,phase0_baseline,dot,262144,116013.429257,4.519201,1.000000,2026-04-23T07:05:53.825829+00:00
e8125cc,bench: expand L1/L2 coverage and use local src imports,1,phase0_baseline,nrm2,262144,116307.840308,2.253881,1.000000,2026-04-23T07:05:53.825829+00:00
e8125cc,bench: expand L1/L2 coverage and use local src imports,1,phase0_baseline,sum,262144,116190.659605,2.256154,1.000000,2026-04-23T07:05:53.825829+00:00
e8125cc,bench: expand L1/L2 coverage and use local src imports,1,phase0_baseline,rotm,262144,131825.271471,1.988572,1.000000,2026-04-23T07:05:53.825829+00:00
e8125cc,bench: expand L1/L2 coverage and use local src imports,1,phase0_baseline,rotmg,262144,11.409117,0.087649,1.000000,2026-04-23T07:05:53.825829+00:00
e8125cc,bench: expand L1/L2 coverage and use local src imports,1,phase0_baseline,gemv,32,343.346748,5.964815,1.000000,2026-04-23T07:05:53.825829+00:00
e8125cc,bench: expand L1/L2 coverage and use local src imports,1,phase0_baseline,gemv_trans,32,467.085618,4.384635,1.000000,2026-04-23T07:05:53.825829+00:00
e8125cc,bench: expand L1/L2 coverage and use local src imports,1,phase0_baseline,trmv,32,214.517073,4.773513,1.000000,2026-04-23T07:05:53.825829+00:00
e8125cc,bench: expand L1/L2 coverage and use local src imports,1,phase0_baseline,trsv,32,10.829739,94.554444,1.000000,2026-04-23T07:05:53.825829+00:00
e8125cc,bench: expand L1/L2 coverage and use local src imports,1,phase0_baseline,symv,32,291.409137,7.027920,1.000000,2026-04-23T07:05:53.825829+00:00
e8125cc,bench: expand L1/L2 coverage and use local src imports,1,phase0_baseline,syr,32,187.772445,5.453409,1.000000,2026-04-23T07:05:53.825829+00:00
e8125cc,bench: expand L1/L2 coverage and use local src imports,1,phase0_baseline,syr2,32,204.268357,10.026027,1.000000,2026-04-23T07:05:53.825829+00:00
e8125cc,bench: expand L1/L2 coverage and use local src imports,1,phase0_baseline,spr,32,194.377098,5.268110,1.000000,2026-04-23T07:05:53.825829+00:00
e8125cc,bench: expand L1/L2 coverage and use local src imports,1,phase0_baseline,spr2,32,193.370152,10.591086,1.000000,2026-04-23T07:05:53.825829+00:00
e8125cc,bench: expand L1/L2 coverage and use local src imports,1,phase0_baseline,spmv,32,811.380732,2.524092,1.000000,2026-04-23T07:05:53.825829+00:00
e8125cc,bench: expand L1/L2 coverage and use local src imports,1,phase0_baseline,tpmv,32,762.620750,1.342738,1.000000,2026-04-23T07:05:53.825829+00:00
e8125cc,bench: expand L1/L2 coverage and use local src imports,1,phase0_baseline,tpsv,32,817.207002,1.253048,1.000000,2026-04-23T07:05:53.825829+00:00
e8125cc,bench: expand L1/L2 coverage and use local src imports,1,phase0_baseline,tbmv,32,36.932744,27.726074,1.000000,2026-04-23T07:05:53.825829+00:00
e8125cc,bench: expand L1/L2 coverage and use local src imports,1,phase0_baseline,tbsv,32,12.869223,79.569684,1.000000,2026-04-23T07:05:53.825829+00:00
e8125cc,bench: expand L1/L2 coverage and use local src imports,1,phase0_baseline,gemv,64,1315.289051,6.228289,1.000000,2026-04-23T07:05:53.825829+00:00
e8125cc,bench: expand L1/L2 coverage and use local src imports,1,phase0_baseline,gemv_trans,64,2312.080377,3.543129,1.000000,2026-04-23T07:05:53.825829+00:00
e8125cc,bench: expand L1/L2 coverage and use local src imports,1,phase0_baseline,trmv,64,809.238700,5.061547,1.000000,2026-04-23T07:05:53.825829+00:00
e8125cc,bench: expand L1/L2 coverage and use local src imports,1,phase0_baseline,trsv,64,21.672260,188.997367,1.000000,2026-04-23T07:05:53.825829+00:00
e8125cc,bench: expand L1/L2 coverage and use local src imports,1,phase0_baseline,symv,64,1388.874491,5.898301,1.000000,2026-04-23T07:05:53.825829+00:00
e8125cc,bench: expand L1/L2 coverage and use local src imports,1,phase0_baseline,syr,64,791.589002,5.174402,1.000000,2026-04-23T07:05:53.825829+00:00
e8125cc,bench: expand L1/L2 coverage and use local src imports,1,phase0_baseline,syr2,64,828.497005,9.887785,1.000000,2026-04-23T07:05:53.825829+00:00
e8125cc,bench: expand L1/L2 coverage and use local src imports,1,phase0_baseline,spr,64,807.562808,5.072051,1.000000,2026-04-23T07:05:53.825829+00:00
e8125cc,bench: expand L1/L2 coverage and use local src imports,1,phase0_baseline,spr2,64,925.416512,8.852230,1.000000,2026-04-23T07:05:53.825829+00:00
e8125cc,bench: expand L1/L2 coverage and use local src imports,1,phase0_baseline,spmv,64,3386.118889,2.419289,1.000000,2026-04-23T07:05:53.825829+00:00
e8125cc,bench: expand L1/L2 coverage and use local src imports,1,phase0_baseline,tpmv,64,3120.049264,1.312800,1.000000,2026-04-23T07:05:53.825829+00:00
e8125cc,bench: expand L1/L2 coverage and use local src imports,1,phase0_baseline,tpsv,64,2803.563350,1.460998,1.000000,2026-04-23T07:05:53.825829+00:00
e8125cc,bench: expand L1/L2 coverage and use local src imports,1,phase0_baseline,tbmv,64,74.167903,55.226046,1.000000,2026-04-23T07:05:53.825829+00:00
e8125cc,bench: expand L1/L2 coverage and use local src imports,1,phase0_baseline,tbsv,64,26.308475,155.691272,1.000000,2026-04-23T07:05:53.825829+00:00
e8125cc,bench: expand L1/L2 coverage and use local src imports,1,phase0_baseline,gemv,128,5795.607578,5.653937,1.000000,2026-04-23T07:05:53.825829+00:00
e8125cc,bench: expand L1/L2 coverage and use local src imports,1,phase0_baseline,gemv_trans,128,11894.702906,2.754840,1.000000,2026-04-23T07:05:53.825829+00:00
e8125cc,bench: expand L1/L2 coverage and use local src imports,1,phase0_baseline,trmv,128,3104.710224,5.277143,1.000000,2026-04-23T07:05:53.825829+00:00
e8125cc,bench: expand L1/L2 coverage and use local src imports,1,phase0_baseline,trsv,128,55.889975,293.147384,1.000000,2026-04-23T07:05:53.825829+00:00
e8125cc,bench: expand L1/L2 coverage and use local src imports,1,phase0_baseline,symv,128,6281.996342,5.216176,1.000000,2026-04-23T07:05:53.825829+00:00
e8125cc,bench: expand L1/L2 coverage and use local src imports,1,phase0_baseline,syr,128,3244.622919,5.049585,1.000000,2026-04-23T07:05:53.825829+00:00
e8125cc,bench: expand L1/L2 coverage and use local src imports,1,phase0_baseline,syr2,128,3290.512186,9.958328,1.000000,2026-04-23T07:05:53.825829+00:00
e8125cc,bench: expand L1/L2 coverage and use local src imports,1,phase0_baseline,spr,128,3192.868806,5.131435,1.000000,2026-04-23T07:05:53.825829+00:00
e8125cc,bench: expand L1/L2 coverage and use local src imports,1,phase0_baseline,spr2,128,3551.199557,9.227305,1.000000,2026-04-23T07:05:53.825829+00:00
e8125cc,bench: expand L1/L2 coverage and use local src imports,1,phase0_baseline,spmv,128,15013.836322,2.182520,1.000000,2026-04-23T07:05:53.825829+00:00
e8125cc,bench: expand L1/L2 coverage and use local src imports,1,phase0_baseline,tpmv,128,14613.065327,1.121188,1.000000,2026-04-23T07:05:53.825829+00:00
e8125cc,bench: expand L1/L2 coverage and use local src imports,1,phase0_baseline,tpsv,128,10500.324240,1.560333,1.000000,2026-04-23T07:05:53.825829+00:00
e8125cc,bench: expand L1/L2 coverage and use local src imports,1,phase0_baseline,tbmv,128,155.065053,105.658881,1.000000,2026-04-23T07:05:53.825829+00:00
e8125cc,bench: expand L1/L2 coverage and use local src imports,1,phase0_baseline,tbsv,128,57.547617,284.703362,1.000000,2026-04-23T07:05:53.825829+00:00
e8125cc,bench: expand L1/L2 coverage and use local src imports,1,phase0_baseline,gemv,256,21925.011226,5.978195,1.000000,2026-04-23T07:05:53.825829+00:00
e8125cc,bench: expand L1/L2 coverage and use local src imports,1,phase0_baseline,gemv_trans,256,59878.780547,2.188956,1.000000,2026-04-23T07:05:53.825829+00:00
e8125cc,bench: expand L1/L2 coverage and use local src imports,1,phase0_baseline,trmv,256,12025.001235,5.449979,1.000000,2026-04-23T07:05:53.825829+00:00
e8125cc,bench: expand L1/L2 coverage and use local src imports,1,phase0_baseline,trsv,256,99.119434,661.182143,1.000000,2026-04-23T07:05:53.825829+00:00
e8125cc,bench: expand L1/L2 coverage and use local src imports,1,phase0_baseline,symv,256,30227.689218,4.336157,1.000000,2026-04-23T07:05:53.825829+00:00
e8125cc,bench: expand L1/L2 coverage and use local src imports,1,phase0_baseline,syr,256,12691.805541,5.163647,1.000000,2026-04-23T07:05:53.825829+00:00
e8125cc,bench: expand L1/L2 coverage and use local src imports,1,phase0_baseline,syr2,256,15341.047954,8.543875,1.000000,2026-04-23T07:05:53.825829+00:00
e8125cc,bench: expand L1/L2 coverage and use local src imports,1,phase0_baseline,spr,256,13433.025719,4.878722,1.000000,2026-04-23T07:05:53.825829+00:00
e8125cc,bench: expand L1/L2 coverage and use local src imports,1,phase0_baseline,spr2,256,15509.297521,8.451189,1.000000,2026-04-23T07:05:53.825829+00:00
e8125cc,bench: expand L1/L2 coverage and use local src imports,1,phase0_baseline,spmv,256,69835.975786,1.876855,1.000000,2026-04-23T07:05:53.825829+00:00
e8125cc,bench: expand L1/L2 coverage and use local src imports,1,phase0_baseline,tpmv,256,69014.600630,0.949596,1.000000,2026-04-23T07:05:53.825829+00:00
e8125cc,bench: expand L1/L2 coverage and use local src imports,1,phase0_baseline,tpsv,256,40348.669901,1.624242,1.000000,2026-04-23T07:05:53.825829+00:00
e8125cc,bench: expand L1/L2 coverage and use local src imports,1,phase0_baseline,tbmv,256,300.588868,218.025373,1.000000,2026-04-23T07:05:53.825829+00:00
e8125cc,bench: expand L1/L2 coverage and use local src imports,1,phase0_baseline,tbsv,256,108.982817,601.342505,1.000000,2026-04-23T07:05:53.825829+00:00
e8125cc,bench: expand L1/L2 coverage and use local src imports,1,phase0_baseline,gemv,512,85316.649642,6.145201,1.000000,2026-04-23T07:05:53.825829+00:00
e8125cc,bench: expand L1/L2 coverage and use local src imports,1,phase0_baseline,gemv_trans,512,280788.154897,1.867201,1.000000,2026-04-23T07:05:53.825829+00:00
e8125cc,bench: expand L1/L2 coverage and use local src imports,1,phase0_baseline,trmv,512,44286.056364,5.919335,1.000000,2026-04-23T07:05:53.825829+00:00
e8125cc,bench: expand L1/L2 coverage and use local src imports,1,phase0_baseline,trsv,512,186.449710,1405.976979,1.000000,2026-04-23T07:05:53.825829+00:00
e8125cc,bench: expand L1/L2 coverage and use local src imports,1,phase0_baseline,symv,512,136411.798071,3.843421,1.000000,2026-04-23T07:05:53.825829+00:00
e8125cc,bench: expand L1/L2 coverage and use local src imports,1,phase0_baseline,syr,512,63734.358431,4.113072,1.000000,2026-04-23T07:05:53.825829+00:00
e8125cc,bench: expand L1/L2 coverage and use local src imports,1,phase0_baseline,syr2,512,86569.088319,6.056296,1.000000,2026-04-23T07:05:53.825829+00:00
e8125cc,bench: expand L1/L2 coverage and use local src imports,1,phase0_baseline,spr,512,46982.600196,5.579598,1.000000,2026-04-23T07:05:53.825829+00:00
e8125cc,bench: expand L1/L2 coverage and use local src imports,1,phase0_baseline,spr2,512,55517.169855,9.443709,1.000000,2026-04-23T07:05:53.825829+00:00
e8125cc,bench: expand L1/L2 coverage and use local src imports,1,phase0_baseline,spmv,512,298373.612824,1.757153,1.000000,2026-04-23T07:05:53.825829+00:00
e8125cc,bench: expand L1/L2 coverage and use local src imports,1,phase0_baseline,tpmv,512,290637.019231,0.901964,1.000000,2026-04-23T07:05:53.825829+00:00
e8125cc,bench: expand L1/L2 coverage and use local src imports,1,phase0_baseline,tpsv,512,159589.693412,1.642612,1.000000,2026-04-23T07:05:53.825829+00:00
e8125cc,bench: expand L1/L2 coverage and use local src imports,1,phase0_baseline,tbmv,512,610.449989,429.427479,1.000000,2026-04-23T07:05:53.825829+00:00
e8125cc,bench: expand L1/L2 coverage and use local src imports,1,phase0_baseline,tbsv,512,207.644825,1262.463440,1.000000,2026-04-23T07:05:53.825829+00:00
e8125cc,bench: expand L1/L2 coverage and use local src imports,1,phase0_baseline,gemm,32,12903.110635,5.079085,1.000000,2026-04-23T07:05:53.825829+00:00
e8125cc,bench: expand L1/L2 coverage and use local src imports,1,phase0_baseline,syrk,32,6768.000225,4.841607,1.000000,2026-04-23T07:05:53.825829+00:00
e8125cc,bench: expand L1/L2 coverage and use local src imports,1,phase0_baseline,syr2k,32,8487.506627,7.721467,1.000000,2026-04-23T07:05:53.825829+00:00
e8125cc,bench: expand L1/L2 coverage and use local src imports,1,phase0_baseline,symm,32,8319.276482,7.877608,1.000000,2026-04-23T07:05:53.825829+00:00
e8125cc,bench: expand L1/L2 coverage and use local src imports,1,phase0_baseline,trmm,32,6955.892945,4.710826,1.000000,2026-04-23T07:05:53.825829+00:00
e8125cc,bench: expand L1/L2 coverage and use local src imports,1,phase0_baseline,trsm,32,347.732985,94.233223,1.000000,2026-04-23T07:05:53.825829+00:00
e8125cc,bench: expand L1/L2 coverage and use local src imports,1,phase0_baseline,gemm,64,86103.605180,6.089037,1.000000,2026-04-23T07:05:53.825829+00:00
e8125cc,bench: expand L1/L2 coverage and use local src imports,1,phase0_baseline,syrk,64,48556.898288,5.398697,1.000000,2026-04-23T07:05:53.825829+00:00
e8125cc,bench: expand L1/L2 coverage and use local src imports,1,phase0_baseline,syr2k,64,54513.942417,9.617503,1.000000,2026-04-23T07:05:53.825829+00:00
e8125cc,bench: expand L1/L2 coverage and use local src imports,1,phase0_baseline,symm,64,82287.470126,6.371420,1.000000,2026-04-23T07:05:53.825829+00:00
e8125cc,bench: expand L1/L2 coverage and use local src imports,1,phase0_baseline,trmm,64,51566.293586,5.083631,1.000000,2026-04-23T07:05:53.825829+00:00
e8125cc,bench: expand L1/L2 coverage and use local src imports,1,phase0_baseline,trsm,64,1318.005595,198.894452,1.000000,2026-04-23T07:05:53.825829+00:00
e8125cc,bench: expand L1/L2 coverage and use local src imports,1,phase0_baseline,gemm,128,759957.055215,5.519133,1.000000,2026-04-23T07:05:53.825829+00:00
e8125cc,bench: expand L1/L2 coverage and use local src imports,1,phase0_baseline,syrk,128,381421.538462,5.498253,1.000000,2026-04-23T07:05:53.825829+00:00
e8125cc,bench: expand L1/L2 coverage and use local src imports,1,phase0_baseline,syr2k,128,508566.115702,8.247313,1.000000,2026-04-23T07:05:53.825829+00:00
e8125cc,bench: expand L1/L2 coverage and use local src imports,1,phase0_baseline,symm,128,772260.869565,5.431201,1.000000,2026-04-23T07:05:53.825829+00:00
e8125cc,bench: expand L1/L2 coverage and use local src imports,1,phase0_baseline,trmm,128,394875.000000,5.310926,1.000000,2026-04-23T07:05:53.825829+00:00
e8125cc,bench: expand L1/L2 coverage and use local src imports,1,phase0_baseline,trsm,128,6429.373546,326.182945,1.000000,2026-04-23T07:05:53.825829+00:00
e8125cc,bench: expand L1/L2 coverage and use local src imports,1,phase0_baseline,gemm,256,5831592.592593,5.753905,1.000000,2026-04-23T07:05:53.825829+00:00
e8125cc,bench: expand L1/L2 coverage and use local src imports,1,phase0_baseline,syrk,256,3023347.826087,5.549218,1.000000,2026-04-23T07:05:53.825829+00:00
e8125cc,bench: expand L1/L2 coverage and use local src imports,1,phase0_baseline,syr2k,256,4016837.837838,8.353445,1.000000,2026-04-23T07:05:53.825829+00:00
e8125cc,bench: expand L1/L2 coverage and use local src imports,1,phase0_baseline,symm,256,7379681.818182,4.546867,1.000000,2026-04-23T07:05:53.825829+00:00
e8125cc,bench: expand L1/L2 coverage and use local src imports,1,phase0_baseline,trmm,256,2991630.434783,5.608051,1.000000,2026-04-23T07:05:53.825829+00:00
e8125cc,bench: expand L1/L2 coverage and use local src imports,1,phase0_baseline,trsm,256,29811.346464,562.779545,1.000000,2026-04-23T07:05:53.825829+00:00
e8125cc,bench: expand L1/L2 coverage and use local src imports,1,phase0_baseline,gemm,512,42946000.000000,6.250535,1.000000,2026-04-23T07:05:53.825829+00:00
e8125cc,bench: expand L1/L2 coverage and use local src imports,1,phase0_baseline,syrk,512,23370800.000000,5.742967,1.000000,2026-04-23T07:05:53.825829+00:00
e8125cc,bench: expand L1/L2 coverage and use local src imports,1,phase0_baseline,syr2k,512,30615500.000000,8.767959,1.000000,2026-04-23T07:05:53.825829+00:00
e8125cc,bench: expand L1/L2 coverage and use local src imports,1,phase0_baseline,symm,512,68806500.000000,3.901310,1.000000,2026-04-23T07:05:53.825829+00:00
e8125cc,bench: expand L1/L2 coverage and use local src imports,1,phase0_baseline,trmm,512,22834200.000000,5.877926,1.000000,2026-04-23T07:05:53.825829+00:00
e8125cc,bench: expand L1/L2 coverage and use local src imports,1,phase0_baseline,trsm,512,27656000.000000,4.853114,1.000000,2026-04-23T07:05:53.825829+00:00
c34fcb8,perf(level2): hoist fast-path checks and skip zero-lane work in gemv/symv,2,phase1_c,axpy,256,46.983891,10.897352,0.979595,2026-04-23T07:11:12.085027+00:00
c34fcb8,perf(level2): hoist fast-path checks and skip zero-lane work in gemv/symv,2,phase1_c,scal,256,45.357314,5.644073,1.027758,2026-04-23T07:11:12.085027+00:00
c34fcb8,perf(level2): hoist fast-path checks and skip zero-lane work in gemv/symv,2,phase1_c,dot,256,73.492994,6.966650,1.016467,2026-04-23T07:11:12.085027+00:00
c34fcb8,perf(level2): hoist fast-path checks and skip zero-lane work in gemv/symv,2,phase1_c,nrm2,256,73.763382,3.470557,0.998410,2026-04-23T07:11:12.085027+00:00
c34fcb8,perf(level2): hoist fast-path checks and skip zero-lane work in gemv/symv,2,phase1_c,sum,256,73.731972,3.472035,0.971030,2026-04-23T07:11:12.085027+00:00
c34fcb8,perf(level2): hoist fast-path checks and skip zero-lane work in gemv/symv,2,phase1_c,rotm,256,126.400522,2.025308,0.868800,2026-04-23T07:11:12.085027+00:00
c34fcb8,perf(level2): hoist fast-path checks and skip zero-lane work in gemv/symv,2,phase1_c,rotmg,256,11.608720,0.086142,0.977368,2026-04-23T07:11:12.085027+00:00
c34fcb8,perf(level2): hoist fast-path checks and skip zero-lane work in gemv/symv,2,phase1_c,axpy,512,87.860134,11.654888,1.307366,2026-04-23T07:11:12.085027+00:00
c34fcb8,perf(level2): hoist fast-path checks and skip zero-lane work in gemv/symv,2,phase1_c,scal,512,113.333452,4.517642,0.740771,2026-04-23T07:11:12.085027+00:00
c34fcb8,perf(level2): hoist fast-path checks and skip zero-lane work in gemv/symv,2,phase1_c,dot,512,186.263699,5.497582,0.980521,2026-04-23T07:11:12.085027+00:00
c34fcb8,perf(level2): hoist fast-path checks and skip zero-lane work in gemv/symv,2,phase1_c,nrm2,512,172.241985,2.972562,0.994922,2026-04-23T07:11:12.085027+00:00
c34fcb8,perf(level2): hoist fast-path checks and skip zero-lane work in gemv/symv,2,phase1_c,sum,512,174.509343,2.933940,0.979468,2026-04-23T07:11:12.085027+00:00
c34fcb8,perf(level2): hoist fast-path checks and skip zero-lane work in gemv/symv,2,phase1_c,rotm,512,214.404498,2.388010,0.995621,2026-04-23T07:11:12.085027+00:00
c34fcb8,perf(level2): hoist fast-path checks and skip zero-lane work in gemv/symv,2,phase1_c,rotmg,512,11.338135,0.088198,1.344184,2026-04-23T07:11:12.085027+00:00
c34fcb8,perf(level2): hoist fast-path checks and skip zero-lane work in gemv/symv,2,phase1_c,axpy,1024,168.690585,12.140571,1.078344,2026-04-23T07:11:12.085027+00:00
c34fcb8,perf(level2): hoist fast-path checks and skip zero-lane work in gemv/symv,2,phase1_c,scal,1024,164.137586,6.238669,1.031026,2026-04-23T07:11:12.085027+00:00
c34fcb8,perf(level2): hoist fast-path checks and skip zero-lane work in gemv/symv,2,phase1_c,dot,1024,412.910245,4.959916,0.999468,2026-04-23T07:11:12.085027+00:00
c34fcb8,perf(level2): hoist fast-path checks and skip zero-lane work in gemv/symv,2,phase1_c,nrm2,1024,483.161142,2.119376,0.844365,2026-04-23T07:11:12.085027+00:00
c34fcb8,perf(level2): hoist fast-path checks and skip zero-lane work in gemv/symv,2,phase1_c,sum,1024,401.840659,2.548274,0.994757,2026-04-23T07:11:12.085027+00:00
c34fcb8,perf(level2): hoist fast-path checks and skip zero-lane work in gemv/symv,2,phase1_c,rotm,1024,421.054389,2.431990,1.002313,2026-04-23T07:11:12.085027+00:00
c34fcb8,perf(level2): hoist fast-path checks and skip zero-lane work in gemv/symv,2,phase1_c,rotmg,1024,11.513647,0.086853,1.006592,2026-04-23T07:11:12.085027+00:00
c34fcb8,perf(level2): hoist fast-path checks and skip zero-lane work in gemv/symv,2,phase1_c,axpy,2048,322.830271,12.687782,1.135650,2026-04-23T07:11:12.085027+00:00
c34fcb8,perf(level2): hoist fast-path checks and skip zero-lane work in gemv/symv,2,phase1_c,scal,2048,311.689926,6.570633,0.997109,2026-04-23T07:11:12.085027+00:00
c34fcb8,perf(level2): hoist fast-path checks and skip zero-lane work in gemv/symv,2,phase1_c,dot,2048,865.041521,4.735033,1.021428,2026-04-23T07:11:12.085027+00:00
c34fcb8,perf(level2): hoist fast-path checks and skip zero-lane work in gemv/symv,2,phase1_c,nrm2,2048,871.966789,2.348713,0.976938,2026-04-23T07:11:12.085027+00:00
c34fcb8,perf(level2): hoist fast-path checks and skip zero-lane work in gemv/symv,2,phase1_c,sum,2048,853.097886,2.400662,0.997941,2026-04-23T07:11:12.085027+00:00
c34fcb8,perf(level2): hoist fast-path checks and skip zero-lane work in gemv/symv,2,phase1_c,rotm,2048,848.059950,2.414924,0.989810,2026-04-23T07:11:12.085027+00:00
c34fcb8,perf(level2): hoist fast-path checks and skip zero-lane work in gemv/symv,2,phase1_c,rotmg,2048,11.337784,0.088201,1.023965,2026-04-23T07:11:12.085027+00:00
c34fcb8,perf(level2): hoist fast-path checks and skip zero-lane work in gemv/symv,2,phase1_c,axpy,4096,638.539192,12.829283,1.265463,2026-04-23T07:11:12.085027+00:00
c34fcb8,perf(level2): hoist fast-path checks and skip zero-lane work in gemv/symv,2,phase1_c,scal,4096,616.675735,6.642064,1.323758,2026-04-23T07:11:12.085027+00:00
c34fcb8,perf(level2): hoist fast-path checks and skip zero-lane work in gemv/symv,2,phase1_c,dot,4096,1793.493022,4.567623,1.035332,2026-04-23T07:11:12.085027+00:00
c34fcb8,perf(level2): hoist fast-path checks and skip zero-lane work in gemv/symv,2,phase1_c,nrm2,4096,1795.684816,2.281024,0.981807,2026-04-23T07:11:12.085027+00:00
c34fcb8,perf(level2): hoist fast-path checks and skip zero-lane work in gemv/symv,2,phase1_c,sum,4096,2411.438640,1.698571,0.729944,2026-04-23T07:11:12.085027+00:00
c34fcb8,perf(level2): hoist fast-path checks and skip zero-lane work in gemv/symv,2,phase1_c,rotm,4096,1888.784494,2.168590,0.886473,2026-04-23T07:11:12.085027+00:00
c34fcb8,perf(level2): hoist fast-path checks and skip zero-lane work in gemv/symv,2,phase1_c,rotmg,4096,11.499605,0.086960,0.983793,2026-04-23T07:11:12.085027+00:00
c34fcb8,perf(level2): hoist fast-path checks and skip zero-lane work in gemv/symv,2,phase1_c,axpy,8192,1703.933146,9.615401,1.019183,2026-04-23T07:11:12.085027+00:00
c34fcb8,perf(level2): hoist fast-path checks and skip zero-lane work in gemv/symv,2,phase1_c,scal,8192,1525.696329,5.369352,1.023510,2026-04-23T07:11:12.085027+00:00
c34fcb8,perf(level2): hoist fast-path checks and skip zero-lane work in gemv/symv,2,phase1_c,dot,8192,3598.427673,4.553100,1.398455,2026-04-23T07:11:12.085027+00:00
c34fcb8,perf(level2): hoist fast-path checks and skip zero-lane work in gemv/symv,2,phase1_c,nrm2,8192,3726.605001,2.198247,0.960494,2026-04-23T07:11:12.085027+00:00
c34fcb8,perf(level2): hoist fast-path checks and skip zero-lane work in gemv/symv,2,phase1_c,sum,8192,3748.002688,2.185697,0.954982,2026-04-23T07:11:12.085027+00:00
c34fcb8,perf(level2): hoist fast-path checks and skip zero-lane work in gemv/symv,2,phase1_c,rotm,8192,3758.494813,2.179596,0.901066,2026-04-23T07:11:12.085027+00:00
c34fcb8,perf(level2): hoist fast-path checks and skip zero-lane work in gemv/symv,2,phase1_c,rotmg,8192,11.449246,0.087342,1.239339,2026-04-23T07:11:12.085027+00:00
c34fcb8,perf(level2): hoist fast-path checks and skip zero-lane work in gemv/symv,2,phase1_c,axpy,16384,3810.645175,8.599069,0.965121,2026-04-23T07:11:12.085027+00:00
c34fcb8,perf(level2): hoist fast-path checks and skip zero-lane work in gemv/symv,2,phase1_c,scal,16384,2879.711242,5.689459,0.874966,2026-04-23T07:11:12.085027+00:00
c34fcb8,perf(level2): hoist fast-path checks and skip zero-lane work in gemv/symv,2,phase1_c,dot,16384,7299.648533,4.488983,1.003149,2026-04-23T07:11:12.085027+00:00
c34fcb8,perf(level2): hoist fast-path checks and skip zero-lane work in gemv/symv,2,phase1_c,nrm2,16384,7343.297739,2.231150,0.983558,2026-04-23T07:11:12.085027+00:00
c34fcb8,perf(level2): hoist fast-path checks and skip zero-lane work in gemv/symv,2,phase1_c,sum,16384,8039.097838,2.038040,0.895522,2026-04-23T07:11:12.085027+00:00
c34fcb8,perf(level2): hoist fast-path checks and skip zero-lane work in gemv/symv,2,phase1_c,rotm,16384,9442.500761,1.735134,0.769230,2026-04-23T07:11:12.085027+00:00
c34fcb8,perf(level2): hoist fast-path checks and skip zero-lane work in gemv/symv,2,phase1_c,rotmg,16384,11.586180,0.086310,0.998079,2026-04-23T07:11:12.085027+00:00
c34fcb8,perf(level2): hoist fast-path checks and skip zero-lane work in gemv/symv,2,phase1_c,axpy,32768,7333.990716,8.935926,1.279253,2026-04-23T07:11:12.085027+00:00
c34fcb8,perf(level2): hoist fast-path checks and skip zero-lane work in gemv/symv,2,phase1_c,scal,32768,5872.975917,5.579454,1.079856,2026-04-23T07:11:12.085027+00:00
c34fcb8,perf(level2): hoist fast-path checks and skip zero-lane work in gemv/symv,2,phase1_c,dot,32768,14511.464163,4.516154,1.007230,2026-04-23T07:11:12.085027+00:00
c34fcb8,perf(level2): hoist fast-path checks and skip zero-lane work in gemv/symv,2,phase1_c,nrm2,32768,16316.021288,2.008333,0.887629,2026-04-23T07:11:12.085027+00:00
c34fcb8,perf(level2): hoist fast-path checks and skip zero-lane work in gemv/symv,2,phase1_c,sum,32768,15251.138503,2.148561,0.949674,2026-04-23T07:11:12.085027+00:00
c34fcb8,perf(level2): hoist fast-path checks and skip zero-lane work in gemv/symv,2,phase1_c,rotm,32768,15157.594898,2.161821,0.956172,2026-04-23T07:11:12.085027+00:00
c34fcb8,perf(level2): hoist fast-path checks and skip zero-lane work in gemv/symv,2,phase1_c,rotmg,32768,11.332306,0.088243,1.039547,2026-04-23T07:11:12.085027+00:00
c34fcb8,perf(level2): hoist fast-path checks and skip zero-lane work in gemv/symv,2,phase1_c,axpy,65536,14477.611940,9.053427,0.974341,2026-04-23T07:11:12.085027+00:00
c34fcb8,perf(level2): hoist fast-path checks and skip zero-lane work in gemv/symv,2,phase1_c,scal,65536,11334.268219,5.782111,1.008882,2026-04-23T07:11:12.085027+00:00
c34fcb8,perf(level2): hoist fast-path checks and skip zero-lane work in gemv/symv,2,phase1_c,dot,65536,29090.941898,4.505595,1.006365,2026-04-23T07:11:12.085027+00:00
c34fcb8,perf(level2): hoist fast-path checks and skip zero-lane work in gemv/symv,2,phase1_c,nrm2,65536,29493.113955,2.222078,0.989474,2026-04-23T07:11:12.085027+00:00
c34fcb8,perf(level2): hoist fast-path checks and skip zero-lane work in gemv/symv,2,phase1_c,sum,65536,29757.268669,2.202353,0.973321,2026-04-23T07:11:12.085027+00:00
c34fcb8,perf(level2): hoist fast-path checks and skip zero-lane work in gemv/symv,2,phase1_c,rotm,65536,29683.903151,2.207796,0.974841,2026-04-23T07:11:12.085027+00:00
c34fcb8,perf(level2): hoist fast-path checks and skip zero-lane work in gemv/symv,2,phase1_c,rotmg,65536,11.548776,0.086589,0.980206,2026-04-23T07:11:12.085027+00:00
c34fcb8,perf(level2): hoist fast-path checks and skip zero-lane work in gemv/symv,2,phase1_c,axpy,131072,28246.747157,9.280502,1.054618,2026-04-23T07:11:12.085027+00:00
c34fcb8,perf(level2): hoist fast-path checks and skip zero-lane work in gemv/symv,2,phase1_c,scal,131072,21689.161186,6.043203,1.014373,2026-04-23T07:11:12.085027+00:00
c34fcb8,perf(level2): hoist fast-path checks and skip zero-lane work in gemv/symv,2,phase1_c,dot,131072,58116.324063,4.510678,1.000212,2026-04-23T07:11:12.085027+00:00
c34fcb8,perf(level2): hoist fast-path checks and skip zero-lane work in gemv/symv,2,phase1_c,nrm2,131072,59903.850871,2.188040,0.969453,2026-04-23T07:11:12.085027+00:00
c34fcb8,perf(level2): hoist fast-path checks and skip zero-lane work in gemv/symv,2,phase1_c,sum,131072,60317.907930,2.173020,0.962940,2026-04-23T07:11:12.085027+00:00
c34fcb8,perf(level2): hoist fast-path checks and skip zero-lane work in gemv/symv,2,phase1_c,rotm,131072,60666.830588,2.160522,0.960922,2026-04-23T07:11:12.085027+00:00
c34fcb8,perf(level2): hoist fast-path checks and skip zero-lane work in gemv/symv,2,phase1_c,rotmg,131072,11.378273,0.087887,0.997767,2026-04-23T07:11:12.085027+00:00
c34fcb8,perf(level2): hoist fast-path checks and skip zero-lane work in gemv/symv,2,phase1_c,axpy,262144,57808.163265,9.069446,1.025340,2026-04-23T07:11:12.085027+00:00
c34fcb8,perf(level2): hoist fast-path checks and skip zero-lane work in gemv/symv,2,phase1_c,scal,262144,43837.389580,5.979918,1.000774,2026-04-23T07:11:12.085027+00:00
c34fcb8,perf(level2): hoist fast-path checks and skip zero-lane work in gemv/symv,2,phase1_c,dot,262144,116583.695128,4.497095,0.995109,2026-04-23T07:11:12.085027+00:00
c34fcb8,perf(level2): hoist fast-path checks and skip zero-lane work in gemv/symv,2,phase1_c,nrm2,262144,119118.106393,2.200707,0.976408,2026-04-23T07:11:12.085027+00:00
c34fcb8,perf(level2): hoist fast-path checks and skip zero-lane work in gemv/symv,2,phase1_c,sum,262144,123214.285714,2.127546,0.942997,2026-04-23T07:11:12.085027+00:00
c34fcb8,perf(level2): hoist fast-path checks and skip zero-lane work in gemv/symv,2,phase1_c,rotm,262144,131595.789474,1.992039,1.001744,2026-04-23T07:11:12.085027+00:00
c34fcb8,perf(level2): hoist fast-path checks and skip zero-lane work in gemv/symv,2,phase1_c,rotmg,262144,11.521237,0.086796,0.990268,2026-04-23T07:11:12.085027+00:00
c34fcb8,perf(level2): hoist fast-path checks and skip zero-lane work in gemv/symv,2,phase1_c,gemv,32,352.688613,5.806822,0.973512,2026-04-23T07:11:12.085027+00:00
c34fcb8,perf(level2): hoist fast-path checks and skip zero-lane work in gemv/symv,2,phase1_c,gemv_trans,32,497.833931,4.113822,0.938236,2026-04-23T07:11:12.085027+00:00
c34fcb8,perf(level2): hoist fast-path checks and skip zero-lane work in gemv/symv,2,phase1_c,trmv,32,212.027421,4.829564,1.011742,2026-04-23T07:11:12.085027+00:00
c34fcb8,perf(level2): hoist fast-path checks and skip zero-lane work in gemv/symv,2,phase1_c,trsv,32,11.137167,91.944387,0.972396,2026-04-23T07:11:12.085027+00:00
c34fcb8,perf(level2): hoist fast-path checks and skip zero-lane work in gemv/symv,2,phase1_c,symv,32,295.368442,6.933713,0.986595,2026-04-23T07:11:12.085027+00:00
c34fcb8,perf(level2): hoist fast-path checks and skip zero-lane work in gemv/symv,2,phase1_c,syr,32,190.846945,5.365556,0.983890,2026-04-23T07:11:12.085027+00:00
c34fcb8,perf(level2): hoist fast-path checks and skip zero-lane work in gemv/symv,2,phase1_c,syr2,32,204.946003,9.992876,0.996694,2026-04-23T07:11:12.085027+00:00
c34fcb8,perf(level2): hoist fast-path checks and skip zero-lane work in gemv/symv,2,phase1_c,spr,32,190.298499,5.381020,1.021433,2026-04-23T07:11:12.085027+00:00
c34fcb8,perf(level2): hoist fast-path checks and skip zero-lane work in gemv/symv,2,phase1_c,spr2,32,207.821059,9.854632,0.930465,2026-04-23T07:11:12.085027+00:00
c34fcb8,perf(level2): hoist fast-path checks and skip zero-lane work in gemv/symv,2,phase1_c,spmv,32,799.727570,2.560872,1.014571,2026-04-23T07:11:12.085027+00:00
c34fcb8,perf(level2): hoist fast-path checks and skip zero-lane work in gemv/symv,2,phase1_c,tpmv,32,757.127673,1.352480,1.007255,2026-04-23T07:11:12.085027+00:00
c34fcb8,perf(level2): hoist fast-path checks and skip zero-lane work in gemv/symv,2,phase1_c,tpsv,32,822.937370,1.244323,0.993037,2026-04-23T07:11:12.085027+00:00
c34fcb8,perf(level2): hoist fast-path checks and skip zero-lane work in gemv/symv,2,phase1_c,tbmv,32,44.196648,23.169178,0.835646,2026-04-23T07:11:12.085027+00:00
c34fcb8,perf(level2): hoist fast-path checks and skip zero-lane work in gemv/symv,2,phase1_c,tbsv,32,13.200105,77.575138,0.974933,2026-04-23T07:11:12.085027+00:00
c34fcb8,perf(level2): hoist fast-path checks and skip zero-lane work in gemv/symv,2,phase1_c,gemv,64,1323.242608,6.190853,0.993989,2026-04-23T07:11:12.085027+00:00
c34fcb8,perf(level2): hoist fast-path checks and skip zero-lane work in gemv/symv,2,phase1_c,gemv_trans,64,2693.765329,3.041096,0.858308,2026-04-23T07:11:12.085027+00:00
c34fcb8,perf(level2): hoist fast-path checks and skip zero-lane work in gemv/symv,2,phase1_c,trmv,64,809.829477,5.057855,0.999270,2026-04-23T07:11:12.085027+00:00
c34fcb8,perf(level2): hoist fast-path checks and skip zero-lane work in gemv/symv,2,phase1_c,trsv,64,20.475694,200.042063,1.058438,2026-04-23T07:11:12.085027+00:00
c34fcb8,perf(level2): hoist fast-path checks and skip zero-lane work in gemv/symv,2,phase1_c,symv,64,1413.169019,5.796900,0.982808,2026-04-23T07:11:12.085027+00:00
c34fcb8,perf(level2): hoist fast-path checks and skip zero-lane work in gemv/symv,2,phase1_c,syr,64,799.504007,5.123176,0.990100,2026-04-23T07:11:12.085027+00:00
c34fcb8,perf(level2): hoist fast-path checks and skip zero-lane work in gemv/symv,2,phase1_c,syr2,64,840.357648,9.748230,0.985886,2026-04-23T07:11:12.085027+00:00
c34fcb8,perf(level2): hoist fast-path checks and skip zero-lane work in gemv/symv,2,phase1_c,spr,64,805.573841,5.084574,1.002469,2026-04-23T07:11:12.085027+00:00
c34fcb8,perf(level2): hoist fast-path checks and skip zero-lane work in gemv/symv,2,phase1_c,spr2,64,913.618753,8.966541,1.012913,2026-04-23T07:11:12.085027+00:00
c34fcb8,perf(level2): hoist fast-path checks and skip zero-lane work in gemv/symv,2,phase1_c,spmv,64,3323.890489,2.464582,1.018722,2026-04-23T07:11:12.085027+00:00
c34fcb8,perf(level2): hoist fast-path checks and skip zero-lane work in gemv/symv,2,phase1_c,tpmv,64,3397.149120,1.205717,0.918432,2026-04-23T07:11:12.085027+00:00
c34fcb8,perf(level2): hoist fast-path checks and skip zero-lane work in gemv/symv,2,phase1_c,tpsv,64,2824.003546,1.450423,0.992762,2026-04-23T07:11:12.085027+00:00
c34fcb8,perf(level2): hoist fast-path checks and skip zero-lane work in gemv/symv,2,phase1_c,tbmv,64,85.249092,48.047432,0.870014,2026-04-23T07:11:12.085027+00:00
c34fcb8,perf(level2): hoist fast-path checks and skip zero-lane work in gemv/symv,2,phase1_c,tbsv,64,25.816976,158.655299,1.019038,2026-04-23T07:11:12.085027+00:00
c34fcb8,perf(level2): hoist fast-path checks and skip zero-lane work in gemv/symv,2,phase1_c,gemv,128,6513.630262,5.030682,0.889766,2026-04-23T07:11:12.085027+00:00
c34fcb8,perf(level2): hoist fast-path checks and skip zero-lane work in gemv/symv,2,phase1_c,gemv_trans,128,12066.742026,2.715563,0.985743,2026-04-23T07:11:12.085027+00:00
c34fcb8,perf(level2): hoist fast-path checks and skip zero-lane work in gemv/symv,2,phase1_c,trmv,128,3059.375479,5.355341,1.014818,2026-04-23T07:11:12.085027+00:00
c34fcb8,perf(level2): hoist fast-path checks and skip zero-lane work in gemv/symv,2,phase1_c,trsv,128,52.569082,311.666088,1.063172,2026-04-23T07:11:12.085027+00:00
c34fcb8,perf(level2): hoist fast-path checks and skip zero-lane work in gemv/symv,2,phase1_c,symv,128,6331.450193,5.175434,0.992189,2026-04-23T07:11:12.085027+00:00
c34fcb8,perf(level2): hoist fast-path checks and skip zero-lane work in gemv/symv,2,phase1_c,syr,128,3281.530146,4.992793,0.988753,2026-04-23T07:11:12.085027+00:00
c34fcb8,perf(level2): hoist fast-path checks and skip zero-lane work in gemv/symv,2,phase1_c,syr2,128,3335.934581,9.822735,0.986384,2026-04-23T07:11:12.085027+00:00
c34fcb8,perf(level2): hoist fast-path checks and skip zero-lane work in gemv/symv,2,phase1_c,spr,128,3231.636141,5.069878,0.988004,2026-04-23T07:11:12.085027+00:00
c34fcb8,perf(level2): hoist fast-path checks and skip zero-lane work in gemv/symv,2,phase1_c,spr2,128,3474.346257,9.431415,1.022120,2026-04-23T07:11:12.085027+00:00
c34fcb8,perf(level2): hoist fast-path checks and skip zero-lane work in gemv/symv,2,phase1_c,spmv,128,17211.191887,1.903877,0.872330,2026-04-23T07:11:12.085027+00:00
c34fcb8,perf(level2): hoist fast-path checks and skip zero-lane work in gemv/symv,2,phase1_c,tpmv,128,14503.693028,1.129643,1.007541,2026-04-23T07:11:12.085027+00:00
c34fcb8,perf(level2): hoist fast-path checks and skip zero-lane work in gemv/symv,2,phase1_c,tpsv,128,10492.559459,1.561487,1.000740,2026-04-23T07:11:12.085027+00:00
c34fcb8,perf(level2): hoist fast-path checks and skip zero-lane work in gemv/symv,2,phase1_c,tbmv,128,168.039976,97.500609,0.922787,2026-04-23T07:11:12.085027+00:00
c34fcb8,perf(level2): hoist fast-path checks and skip zero-lane work in gemv/symv,2,phase1_c,tbsv,128,58.387249,280.609213,0.985620,2026-04-23T07:11:12.085027+00:00
c34fcb8,perf(level2): hoist fast-path checks and skip zero-lane work in gemv/symv,2,phase1_c,gemv,256,22537.473818,5.815736,0.972825,2026-04-23T07:11:12.085027+00:00
c34fcb8,perf(level2): hoist fast-path checks and skip zero-lane work in gemv/symv,2,phase1_c,gemv_trans,256,60331.667083,2.172524,0.992493,2026-04-23T07:11:12.085027+00:00
c34fcb8,perf(level2): hoist fast-path checks and skip zero-lane work in gemv/symv,2,phase1_c,trmv,256,13431.065771,4.879434,0.895313,2026-04-23T07:11:12.085027+00:00
c34fcb8,perf(level2): hoist fast-path checks and skip zero-lane work in gemv/symv,2,phase1_c,trsv,256,100.126682,654.530827,0.989940,2026-04-23T07:11:12.085027+00:00
c34fcb8,perf(level2): hoist fast-path checks and skip zero-lane work in gemv/symv,2,phase1_c,symv,256,30455.156666,4.303770,0.992531,2026-04-23T07:11:12.085027+00:00
c34fcb8,perf(level2): hoist fast-path checks and skip zero-lane work in gemv/symv,2,phase1_c,syr,256,14331.460972,4.572876,0.885590,2026-04-23T07:11:12.085027+00:00
c34fcb8,perf(level2): hoist fast-path checks and skip zero-lane work in gemv/symv,2,phase1_c,syr2,256,15074.173929,8.695137,1.017704,2026-04-23T07:11:12.085027+00:00
c34fcb8,perf(level2): hoist fast-path checks and skip zero-lane work in gemv/symv,2,phase1_c,spr,256,15121.088093,4.334080,0.888364,2026-04-23T07:11:12.085027+00:00
c34fcb8,perf(level2): hoist fast-path checks and skip zero-lane work in gemv/symv,2,phase1_c,spr2,256,18971.523231,6.908881,0.817504,2026-04-23T07:11:12.085027+00:00
c34fcb8,perf(level2): hoist fast-path checks and skip zero-lane work in gemv/symv,2,phase1_c,spmv,256,68328.138283,1.918273,1.022068,2026-04-23T07:11:12.085027+00:00
c34fcb8,perf(level2): hoist fast-path checks and skip zero-lane work in gemv/symv,2,phase1_c,tpmv,256,68695.083831,0.954013,1.004651,2026-04-23T07:11:12.085027+00:00
c34fcb8,perf(level2): hoist fast-path checks and skip zero-lane work in gemv/symv,2,phase1_c,tpsv,256,46574.407264,1.407125,0.866327,2026-04-23T07:11:12.085027+00:00
c34fcb8,perf(level2): hoist fast-path checks and skip zero-lane work in gemv/symv,2,phase1_c,tbmv,256,300.481353,218.103384,1.000358,2026-04-23T07:11:12.085027+00:00
c34fcb8,perf(level2): hoist fast-path checks and skip zero-lane work in gemv/symv,2,phase1_c,tbsv,256,107.901853,607.366769,1.010018,2026-04-23T07:11:12.085027+00:00
c34fcb8,perf(level2): hoist fast-path checks and skip zero-lane work in gemv/symv,2,phase1_c,gemv,512,82731.179099,6.337248,1.031251,2026-04-23T07:11:12.085027+00:00
c34fcb8,perf(level2): hoist fast-path checks and skip zero-lane work in gemv/symv,2,phase1_c,gemv_trans,512,286321.266968,1.831118,0.980675,2026-04-23T07:11:12.085027+00:00
c34fcb8,perf(level2): hoist fast-path checks and skip zero-lane work in gemv/symv,2,phase1_c,trmv,512,44725.348189,5.861195,0.990178,2026-04-23T07:11:12.085027+00:00
c34fcb8,perf(level2): hoist fast-path checks and skip zero-lane work in gemv/symv,2,phase1_c,trsv,512,184.244387,1422.805897,1.011970,2026-04-23T07:11:12.085027+00:00
c34fcb8,perf(level2): hoist fast-path checks and skip zero-lane work in gemv/symv,2,phase1_c,symv,512,137125.782584,3.823409,0.994793,2026-04-23T07:11:12.085027+00:00
c34fcb8,perf(level2): hoist fast-path checks and skip zero-lane work in gemv/symv,2,phase1_c,syr,512,64233.745723,4.081095,0.992225,2026-04-23T07:11:12.085027+00:00
c34fcb8,perf(level2): hoist fast-path checks and skip zero-lane work in gemv/symv,2,phase1_c,syr2,512,86743.315508,6.044131,0.997991,2026-04-23T07:11:12.085027+00:00
c34fcb8,perf(level2): hoist fast-path checks and skip zero-lane work in gemv/symv,2,phase1_c,spr,512,48173.878365,5.441621,0.975271,2026-04-23T07:11:12.085027+00:00
c34fcb8,perf(level2): hoist fast-path checks and skip zero-lane work in gemv/symv,2,phase1_c,spr2,512,56078.806249,9.349129,0.989985,2026-04-23T07:11:12.085027+00:00
c34fcb8,perf(level2): hoist fast-path checks and skip zero-lane work in gemv/symv,2,phase1_c,spmv,512,293956.834532,1.783554,1.015025,2026-04-23T07:11:12.085027+00:00
c34fcb8,perf(level2): hoist fast-path checks and skip zero-lane work in gemv/symv,2,phase1_c,tpmv,512,294848.009650,0.889082,0.985718,2026-04-23T07:11:12.085027+00:00
c34fcb8,perf(level2): hoist fast-path checks and skip zero-lane work in gemv/symv,2,phase1_c,tpsv,512,188885.507246,1.387846,0.844902,2026-04-23T07:11:12.085027+00:00
c34fcb8,perf(level2): hoist fast-path checks and skip zero-lane work in gemv/symv,2,phase1_c,tbmv,512,598.942058,437.678397,1.019214,2026-04-23T07:11:12.085027+00:00
c34fcb8,perf(level2): hoist fast-path checks and skip zero-lane work in gemv/symv,2,phase1_c,tbsv,512,209.903523,1248.878517,0.989239,2026-04-23T07:11:12.085027+00:00
c34fcb8,perf(level2): hoist fast-path checks and skip zero-lane work in gemv/symv,2,phase1_c,gemm,32,10847.815326,6.041401,1.189466,2026-04-23T07:11:12.085027+00:00
c34fcb8,perf(level2): hoist fast-path checks and skip zero-lane work in gemv/symv,2,phase1_c,syrk,32,6723.199599,4.873870,1.006664,2026-04-23T07:11:12.085027+00:00
c34fcb8,perf(level2): hoist fast-path checks and skip zero-lane work in gemv/symv,2,phase1_c,syr2k,32,9353.404516,7.006647,0.907424,2026-04-23T07:11:12.085027+00:00
c34fcb8,perf(level2): hoist fast-path checks and skip zero-lane work in gemv/symv,2,phase1_c,symm,32,8276.546011,7.918279,1.005163,2026-04-23T07:11:12.085027+00:00
c34fcb8,perf(level2): hoist fast-path checks and skip zero-lane work in gemv/symv,2,phase1_c,trmm,32,6864.383993,4.773626,1.013331,2026-04-23T07:11:12.085027+00:00
c34fcb8,perf(level2): hoist fast-path checks and skip zero-lane work in gemv/symv,2,phase1_c,trsm,32,347.820225,94.209588,0.999749,2026-04-23T07:11:12.085027+00:00
c34fcb8,perf(level2): hoist fast-path checks and skip zero-lane work in gemv/symv,2,phase1_c,gemm,64,83170.740103,6.303755,1.035263,2026-04-23T07:11:12.085027+00:00
c34fcb8,perf(level2): hoist fast-path checks and skip zero-lane work in gemv/symv,2,phase1_c,syrk,64,48271.906958,5.430571,1.005904,2026-04-23T07:11:12.085027+00:00
c34fcb8,perf(level2): hoist fast-path checks and skip zero-lane work in gemv/symv,2,phase1_c,syr2k,64,54362.857787,9.644232,1.002779,2026-04-23T07:11:12.085027+00:00
c34fcb8,perf(level2): hoist fast-path checks and skip zero-lane work in gemv/symv,2,phase1_c,symm,64,81582.170806,6.426502,1.008645,2026-04-23T07:11:12.085027+00:00
c34fcb8,perf(level2): hoist fast-path checks and skip zero-lane work in gemv/symv,2,phase1_c,trmm,64,52751.434034,4.969419,0.977533,2026-04-23T07:11:12.085027+00:00
c34fcb8,perf(level2): hoist fast-path checks and skip zero-lane work in gemv/symv,2,phase1_c,trsm,64,1301.311569,201.445992,1.012829,2026-04-23T07:11:12.085027+00:00
c34fcb8,perf(level2): hoist fast-path checks and skip zero-lane work in gemv/symv,2,phase1_c,gemm,128,751536.144578,5.580974,1.011205,2026-04-23T07:11:12.085027+00:00
c34fcb8,perf(level2): hoist fast-path checks and skip zero-lane work in gemv/symv,2,phase1_c,syrk,128,375679.012346,5.582297,1.015286,2026-04-23T07:11:12.085027+00:00
c34fcb8,perf(level2): hoist fast-path checks and skip zero-lane work in gemv/symv,2,phase1_c,syr2k,128,504283.950617,8.317346,1.008492,2026-04-23T07:11:12.085027+00:00
c34fcb8,perf(level2): hoist fast-path checks and skip zero-lane work in gemv/symv,2,phase1_c,symm,128,764760.736196,5.484466,1.009807,2026-04-23T07:11:12.085027+00:00
c34fcb8,perf(level2): hoist fast-path checks and skip zero-lane work in gemv/symv,2,phase1_c,trmm,128,392760.383387,5.339520,1.005384,2026-04-23T07:11:12.085027+00:00
c34fcb8,perf(level2): hoist fast-path checks and skip zero-lane work in gemv/symv,2,phase1_c,trsm,128,6477.796248,323.744669,0.992525,2026-04-23T07:11:12.085027+00:00
c34fcb8,perf(level2): hoist fast-path checks and skip zero-lane work in gemv/symv,2,phase1_c,gemm,256,5795692.307692,5.789547,1.006194,2026-04-23T07:11:12.085027+00:00
c34fcb8,perf(level2): hoist fast-path checks and skip zero-lane work in gemv/symv,2,phase1_c,syrk,256,2994260.869565,5.603124,1.009714,2026-04-23T07:11:12.085027+00:00
c34fcb8,perf(level2): hoist fast-path checks and skip zero-lane work in gemv/symv,2,phase1_c,syr2k,256,4013916.666667,8.359524,1.000728,2026-04-23T07:11:12.085027+00:00
c34fcb8,perf(level2): hoist fast-path checks and skip zero-lane work in gemv/symv,2,phase1_c,symm,256,7413272.727273,4.526264,0.995469,2026-04-23T07:11:12.085027+00:00
c34fcb8,perf(level2): hoist fast-path checks and skip zero-lane work in gemv/symv,2,phase1_c,trmm,256,3067744.680851,5.468909,0.975189,2026-04-23T07:11:12.085027+00:00
c34fcb8,perf(level2): hoist fast-path checks and skip zero-lane work in gemv/symv,2,phase1_c,trsm,256,32977.448217,508.748157,0.903992,2026-04-23T07:11:12.085027+00:00
c34fcb8,perf(level2): hoist fast-path checks and skip zero-lane work in gemv/symv,2,phase1_c,gemm,512,42672857.142857,6.290543,1.006401,2026-04-23T07:11:12.085027+00:00
c34fcb8,perf(level2): hoist fast-path checks and skip zero-lane work in gemv/symv,2,phase1_c,syrk,512,23085000.000000,5.814067,1.012380,2026-04-23T07:11:12.085027+00:00
c34fcb8,perf(level2): hoist fast-path checks and skip zero-lane work in gemv/symv,2,phase1_c,syr2k,512,30492375.000000,8.803363,1.004038,2026-04-23T07:11:12.085027+00:00
c34fcb8,perf(level2): hoist fast-path checks and skip zero-lane work in gemv/symv,2,phase1_c,symm,512,73322166.666667,3.661041,0.938413,2026-04-23T07:11:12.085027+00:00
c34fcb8,perf(level2): hoist fast-path checks and skip zero-lane work in gemv/symv,2,phase1_c,trmm,512,22679600.000000,5.917994,1.006817,2026-04-23T07:11:12.085027+00:00
c34fcb8,perf(level2): hoist fast-path checks and skip zero-lane work in gemv/symv,2,phase1_c,trsm,512,27969444.444444,4.798727,0.988793,2026-04-23T07:11:12.085027+00:00
12a40a4,perf(level2): add direct packed-index fast paths for contiguous spmv/tpmv/tpsv,3,phase1_d,axpy,256,46.972798,10.899925,0.979826,2026-04-23T07:18:57.974747+00:00
12a40a4,perf(level2): add direct packed-index fast paths for contiguous spmv/tpmv/tpsv,3,phase1_d,scal,256,45.825636,5.586393,1.017254,2026-04-23T07:18:57.974747+00:00
12a40a4,perf(level2): add direct packed-index fast paths for contiguous spmv/tpmv/tpsv,3,phase1_d,dot,256,75.469117,6.784232,0.989851,2026-04-23T07:18:57.974747+00:00
12a40a4,perf(level2): add direct packed-index fast paths for contiguous spmv/tpmv/tpsv,3,phase1_d,nrm2,256,76.089813,3.364445,0.967884,2026-04-23T07:18:57.974747+00:00
12a40a4,perf(level2): add direct packed-index fast paths for contiguous spmv/tpmv/tpsv,3,phase1_d,sum,256,73.086383,3.502704,0.979608,2026-04-23T07:18:57.974747+00:00
12a40a4,perf(level2): add direct packed-index fast paths for contiguous spmv/tpmv/tpsv,3,phase1_d,rotm,256,110.982530,2.306669,0.989496,2026-04-23T07:18:57.974747+00:00
12a40a4,perf(level2): add direct packed-index fast paths for contiguous spmv/tpmv/tpsv,3,phase1_d,rotmg,256,11.450748,0.087331,0.990851,2026-04-23T07:18:57.974747+00:00
12a40a4,perf(level2): add direct packed-index fast paths for contiguous spmv/tpmv/tpsv,3,phase1_d,axpy,512,87.484957,11.704869,1.312972,2026-04-23T07:18:57.974747+00:00
12a40a4,perf(level2): add direct packed-index fast paths for contiguous spmv/tpmv/tpsv,3,phase1_d,scal,512,84.412193,6.065474,0.994573,2026-04-23T07:18:57.974747+00:00
12a40a4,perf(level2): add direct packed-index fast paths for contiguous spmv/tpmv/tpsv,3,phase1_d,dot,512,184.839975,5.539927,0.988073,2026-04-23T07:18:57.974747+00:00
12a40a4,perf(level2): add direct packed-index fast paths for contiguous spmv/tpmv/tpsv,3,phase1_d,nrm2,512,174.414557,2.935535,0.982529,2026-04-23T07:18:57.974747+00:00
12a40a4,perf(level2): add direct packed-index fast paths for contiguous spmv/tpmv/tpsv,3,phase1_d,sum,512,173.738591,2.946956,0.983814,2026-04-23T07:18:57.974747+00:00
12a40a4,perf(level2): add direct packed-index fast paths for contiguous spmv/tpmv/tpsv,3,phase1_d,rotm,512,222.892499,2.297071,0.957707,2026-04-23T07:18:57.974747+00:00
12a40a4,perf(level2): add direct packed-index fast paths for contiguous spmv/tpmv/tpsv,3,phase1_d,rotmg,512,11.436939,0.087436,1.332571,2026-04-23T07:18:57.974747+00:00
12a40a4,perf(level2): add direct packed-index fast paths for contiguous spmv/tpmv/tpsv,3,phase1_d,axpy,1024,165.143650,12.401325,1.101504,2026-04-23T07:18:57.974747+00:00
12a40a4,perf(level2): add direct packed-index fast paths for contiguous spmv/tpmv/tpsv,3,phase1_d,scal,1024,161.316683,6.347763,1.049055,2026-04-23T07:18:57.974747+00:00
12a40a4,perf(level2): add direct packed-index fast paths for contiguous spmv/tpmv/tpsv,3,phase1_d,dot,1024,414.982463,4.935148,0.994477,2026-04-23T07:18:57.974747+00:00
12a40a4,perf(level2): add direct packed-index fast paths for contiguous spmv/tpmv/tpsv,3,phase1_d,nrm2,1024,412.436632,2.482806,0.989156,2026-04-23T07:18:57.974747+00:00
12a40a4,perf(level2): add direct packed-index fast paths for contiguous spmv/tpmv/tpsv,3,phase1_d,sum,1024,406.185536,2.521015,0.984117,2026-04-23T07:18:57.974747+00:00
12a40a4,perf(level2): add direct packed-index fast paths for contiguous spmv/tpmv/tpsv,3,phase1_d,rotm,1024,430.510262,2.378573,0.980297,2026-04-23T07:18:57.974747+00:00
12a40a4,perf(level2): add direct packed-index fast paths for contiguous spmv/tpmv/tpsv,3,phase1_d,rotmg,1024,11.432832,0.087467,1.013707,2026-04-23T07:18:57.974747+00:00
12a40a4,perf(level2): add direct packed-index fast paths for contiguous spmv/tpmv/tpsv,3,phase1_d,axpy,2048,323.347203,12.667498,1.133835,2026-04-23T07:18:57.974747+00:00
12a40a4,perf(level2): add direct packed-index fast paths for contiguous spmv/tpmv/tpsv,3,phase1_d,scal,2048,313.894005,6.524495,0.990107,2026-04-23T07:18:57.974747+00:00
12a40a4,perf(level2): add direct packed-index fast paths for contiguous spmv/tpmv/tpsv,3,phase1_d,dot,2048,873.735706,4.687916,1.011264,2026-04-23T07:18:57.974747+00:00
12a40a4,perf(level2): add direct packed-index fast paths for contiguous spmv/tpmv/tpsv,3,phase1_d,nrm2,2048,868.569241,2.357901,0.980759,2026-04-23T07:18:57.974747+00:00
12a40a4,perf(level2): add direct packed-index fast paths for contiguous spmv/tpmv/tpsv,3,phase1_d,sum,2048,868.689929,2.357573,0.980029,2026-04-23T07:18:57.974747+00:00
12a40a4,perf(level2): add direct packed-index fast paths for contiguous spmv/tpmv/tpsv,3,phase1_d,rotm,2048,855.633439,2.393548,0.981049,2026-04-23T07:18:57.974747+00:00
12a40a4,perf(level2): add direct packed-index fast paths for contiguous spmv/tpmv/tpsv,3,phase1_d,rotmg,2048,11.438147,0.087427,1.014981,2026-04-23T07:18:57.974747+00:00
12a40a4,perf(level2): add direct packed-index fast paths for contiguous spmv/tpmv/tpsv,3,phase1_d,axpy,4096,630.885469,12.984924,1.280815,2026-04-23T07:18:57.974747+00:00
12a40a4,perf(level2): add direct packed-index fast paths for contiguous spmv/tpmv/tpsv,3,phase1_d,scal,4096,619.648191,6.610202,1.317408,2026-04-23T07:18:57.974747+00:00
12a40a4,perf(level2): add direct packed-index fast paths for contiguous spmv/tpmv/tpsv,3,phase1_d,dot,4096,1813.036623,4.518386,1.024172,2026-04-23T07:18:57.974747+00:00
12a40a4,perf(level2): add direct packed-index fast paths for contiguous spmv/tpmv/tpsv,3,phase1_d,nrm2,4096,1817.170868,2.254053,0.970198,2026-04-23T07:18:57.974747+00:00
12a40a4,perf(level2): add direct packed-index fast paths for contiguous spmv/tpmv/tpsv,3,phase1_d,sum,4096,1797.496893,2.278724,0.979259,2026-04-23T07:18:57.974747+00:00
12a40a4,perf(level2): add direct packed-index fast paths for contiguous spmv/tpmv/tpsv,3,phase1_d,rotm,4096,1708.460444,2.397480,0.980038,2026-04-23T07:18:57.974747+00:00
12a40a4,perf(level2): add direct packed-index fast paths for contiguous spmv/tpmv/tpsv,3,phase1_d,rotmg,4096,11.433658,0.087461,0.989467,2026-04-23T07:18:57.974747+00:00
12a40a4,perf(level2): add direct packed-index fast paths for contiguous spmv/tpmv/tpsv,3,phase1_d,axpy,8192,1724.678716,9.499740,1.006924,2026-04-23T07:18:57.974747+00:00
12a40a4,perf(level2): add direct packed-index fast paths for contiguous spmv/tpmv/tpsv,3,phase1_d,scal,8192,1529.560913,5.355785,1.020924,2026-04-23T07:18:57.974747+00:00
12a40a4,perf(level2): add direct packed-index fast paths for contiguous spmv/tpmv/tpsv,3,phase1_d,dot,8192,3683.268482,4.448223,1.366243,2026-04-23T07:18:57.974747+00:00
12a40a4,perf(level2): add direct packed-index fast paths for contiguous spmv/tpmv/tpsv,3,phase1_d,nrm2,8192,3648.724053,2.245168,0.980996,2026-04-23T07:18:57.974747+00:00
12a40a4,perf(level2): add direct packed-index fast paths for contiguous spmv/tpmv/tpsv,3,phase1_d,sum,8192,3646.665149,2.246436,0.981520,2026-04-23T07:18:57.974747+00:00
12a40a4,perf(level2): add direct packed-index fast paths for contiguous spmv/tpmv/tpsv,3,phase1_d,rotm,8192,3467.170300,2.362734,0.976776,2026-04-23T07:18:57.974747+00:00
12a40a4,perf(level2): add direct packed-index fast paths for contiguous spmv/tpmv/tpsv,3,phase1_d,rotmg,8192,11.427129,0.087511,1.241738,2026-04-23T07:18:57.974747+00:00
12a40a4,perf(level2): add direct packed-index fast paths for contiguous spmv/tpmv/tpsv,3,phase1_d,axpy,16384,3522.870628,9.301505,1.043959,2026-04-23T07:18:57.974747+00:00
12a40a4,perf(level2): add direct packed-index fast paths for contiguous spmv/tpmv/tpsv,3,phase1_d,scal,16384,2860.439651,5.727791,0.880861,2026-04-23T07:18:57.974747+00:00
12a40a4,perf(level2): add direct packed-index fast paths for contiguous spmv/tpmv/tpsv,3,phase1_d,dot,16384,7364.766329,4.449293,0.994279,2026-04-23T07:18:57.974747+00:00
12a40a4,perf(level2): add direct packed-index fast paths for contiguous spmv/tpmv/tpsv,3,phase1_d,nrm2,16384,7460.511476,2.196096,0.968105,2026-04-23T07:18:57.974747+00:00
12a40a4,perf(level2): add direct packed-index fast paths for contiguous spmv/tpmv/tpsv,3,phase1_d,sum,16384,7341.688775,2.231639,0.980590,2026-04-23T07:18:57.974747+00:00
12a40a4,perf(level2): add direct packed-index fast paths for contiguous spmv/tpmv/tpsv,3,phase1_d,rotm,16384,7411.119667,2.210732,0.980076,2026-04-23T07:18:57.974747+00:00
12a40a4,perf(level2): add direct packed-index fast paths for contiguous spmv/tpmv/tpsv,3,phase1_d,rotmg,16384,11.429853,0.087490,1.011730,2026-04-23T07:18:57.974747+00:00
12a40a4,perf(level2): add direct packed-index fast paths for contiguous spmv/tpmv/tpsv,3,phase1_d,axpy,32768,7112.772495,9.213847,1.319040,2026-04-23T07:18:57.974747+00:00
12a40a4,perf(level2): add direct packed-index fast paths for contiguous spmv/tpmv/tpsv,3,phase1_d,scal,32768,5853.371074,5.598142,1.083473,2026-04-23T07:18:57.974747+00:00
12a40a4,perf(level2): add direct packed-index fast paths for contiguous spmv/tpmv/tpsv,3,phase1_d,dot,32768,14829.376945,4.419336,0.985637,2026-04-23T07:18:57.974747+00:00
12a40a4,perf(level2): add direct packed-index fast paths for contiguous spmv/tpmv/tpsv,3,phase1_d,nrm2,32768,14740.539562,2.222985,0.982500,2026-04-23T07:18:57.974747+00:00
12a40a4,perf(level2): add direct packed-index fast paths for contiguous spmv/tpmv/tpsv,3,phase1_d,sum,32768,14745.272048,2.222272,0.982255,2026-04-23T07:18:57.974747+00:00
12a40a4,perf(level2): add direct packed-index fast paths for contiguous spmv/tpmv/tpsv,3,phase1_d,rotm,32768,14726.883300,2.225046,0.984137,2026-04-23T07:18:57.974747+00:00
12a40a4,perf(level2): add direct packed-index fast paths for contiguous spmv/tpmv/tpsv,3,phase1_d,rotmg,32768,11.451328,0.087326,1.028742,2026-04-23T07:18:57.974747+00:00
12a40a4,perf(level2): add direct packed-index fast paths for contiguous spmv/tpmv/tpsv,3,phase1_d,axpy,65536,15869.534762,8.259347,0.888881,2026-04-23T07:18:57.974747+00:00
12a40a4,perf(level2): add direct packed-index fast paths for contiguous spmv/tpmv/tpsv,3,phase1_d,scal,65536,11259.021765,5.820754,1.015624,2026-04-23T07:18:57.974747+00:00
12a40a4,perf(level2): add direct packed-index fast paths for contiguous spmv/tpmv/tpsv,3,phase1_d,dot,65536,29603.666790,4.427560,0.988935,2026-04-23T07:18:57.974747+00:00
12a40a4,perf(level2): add direct packed-index fast paths for contiguous spmv/tpmv/tpsv,3,phase1_d,nrm2,65536,29918.872758,2.190457,0.975394,2026-04-23T07:18:57.974747+00:00
12a40a4,perf(level2): add direct packed-index fast paths for contiguous spmv/tpmv/tpsv,3,phase1_d,sum,65536,29569.839158,2.216312,0.979491,2026-04-23T07:18:57.974747+00:00
12a40a4,perf(level2): add direct packed-index fast paths for contiguous spmv/tpmv/tpsv,3,phase1_d,rotm,65536,32667.117727,2.006176,0.885816,2026-04-23T07:18:57.974747+00:00
12a40a4,perf(level2): add direct packed-index fast paths for contiguous spmv/tpmv/tpsv,3,phase1_d,rotmg,65536,11.445725,0.087369,0.989031,2026-04-23T07:18:57.974747+00:00
12a40a4,perf(level2): add direct packed-index fast paths for contiguous spmv/tpmv/tpsv,3,phase1_d,axpy,131072,28874.717967,9.078669,1.031682,2026-04-23T07:18:57.974747+00:00
12a40a4,perf(level2): add direct packed-index fast paths for contiguous spmv/tpmv/tpsv,3,phase1_d,scal,131072,21988.298748,5.960989,1.000573,2026-04-23T07:18:57.974747+00:00
12a40a4,perf(level2): add direct packed-index fast paths for contiguous spmv/tpmv/tpsv,3,phase1_d,dot,131072,59739.258532,4.388136,0.973039,2026-04-23T07:18:57.974747+00:00
12a40a4,perf(level2): add direct packed-index fast paths for contiguous spmv/tpmv/tpsv,3,phase1_d,nrm2,131072,59097.934386,2.217878,0.982674,2026-04-23T07:18:57.974747+00:00
12a40a4,perf(level2): add direct packed-index fast paths for contiguous spmv/tpmv/tpsv,3,phase1_d,sum,131072,59251.162791,2.212142,0.980276,2026-04-23T07:18:57.974747+00:00
12a40a4,perf(level2): add direct packed-index fast paths for contiguous spmv/tpmv/tpsv,3,phase1_d,rotm,131072,59450.777202,2.204715,0.980577,2026-04-23T07:18:57.974747+00:00
12a40a4,perf(level2): add direct packed-index fast paths for contiguous spmv/tpmv/tpsv,3,phase1_d,rotmg,131072,11.430113,0.087488,0.993242,2026-04-23T07:18:57.974747+00:00
12a40a4,perf(level2): add direct packed-index fast paths for contiguous spmv/tpmv/tpsv,3,phase1_d,axpy,262144,57285.272424,9.152230,1.034699,2026-04-23T07:18:57.974747+00:00
12a40a4,perf(level2): add direct packed-index fast paths for contiguous spmv/tpmv/tpsv,3,phase1_d,scal,262144,44139.996359,5.938922,0.993913,2026-04-23T07:18:57.974747+00:00
12a40a4,perf(level2): add direct packed-index fast paths for contiguous spmv/tpmv/tpsv,3,phase1_d,dot,262144,118573.320255,4.421635,0.978411,2026-04-23T07:18:57.974747+00:00
12a40a4,perf(level2): add direct packed-index fast paths for contiguous spmv/tpmv/tpsv,3,phase1_d,nrm2,262144,119867.943054,2.186940,0.970300,2026-04-23T07:18:57.974747+00:00
12a40a4,perf(level2): add direct packed-index fast paths for contiguous spmv/tpmv/tpsv,3,phase1_d,sum,262144,118384.502207,2.214344,0.981468,2026-04-23T07:18:57.974747+00:00
12a40a4,perf(level2): add direct packed-index fast paths for contiguous spmv/tpmv/tpsv,3,phase1_d,rotm,262144,127023.572551,2.063743,1.037802,2026-04-23T07:18:57.974747+00:00
12a40a4,perf(level2): add direct packed-index fast paths for contiguous spmv/tpmv/tpsv,3,phase1_d,rotmg,262144,11.453107,0.087313,0.996159,2026-04-23T07:18:57.974747+00:00
12a40a4,perf(level2): add direct packed-index fast paths for contiguous spmv/tpmv/tpsv,3,phase1_d,gemv,32,355.841426,5.755373,0.964887,2026-04-23T07:18:57.974747+00:00
12a40a4,perf(level2): add direct packed-index fast paths for contiguous spmv/tpmv/tpsv,3,phase1_d,gemv_trans,32,499.958150,4.096343,0.934249,2026-04-23T07:18:57.974747+00:00
12a40a4,perf(level2): add direct packed-index fast paths for contiguous spmv/tpmv/tpsv,3,phase1_d,trmv,32,212.752634,4.813101,1.008293,2026-04-23T07:18:57.974747+00:00
12a40a4,perf(level2): add direct packed-index fast paths for contiguous spmv/tpmv/tpsv,3,phase1_d,trsv,32,10.753098,95.228372,1.007127,2026-04-23T07:18:57.974747+00:00
12a40a4,perf(level2): add direct packed-index fast paths for contiguous spmv/tpmv/tpsv,3,phase1_d,symv,32,297.299236,6.888682,0.980188,2026-04-23T07:18:57.974747+00:00
12a40a4,perf(level2): add direct packed-index fast paths for contiguous spmv/tpmv/tpsv,3,phase1_d,syr,32,192.433451,5.321320,0.975779,2026-04-23T07:18:57.974747+00:00
12a40a4,perf(level2): add direct packed-index fast paths for contiguous spmv/tpmv/tpsv,3,phase1_d,syr2,32,201.665051,10.155453,1.012909,2026-04-23T07:18:57.974747+00:00
12a40a4,perf(level2): add direct packed-index fast paths for contiguous spmv/tpmv/tpsv,3,phase1_d,spr,32,194.519826,5.264245,0.999266,2026-04-23T07:18:57.974747+00:00
12a40a4,perf(level2): add direct packed-index fast paths for contiguous spmv/tpmv/tpsv,3,phase1_d,spr2,32,197.190820,10.385879,0.980625,2026-04-23T07:18:57.974747+00:00
12a40a4,perf(level2): add direct packed-index fast paths for contiguous spmv/tpmv/tpsv,3,phase1_d,spmv,32,298.608486,6.858479,2.717206,2026-04-23T07:18:57.974747+00:00
12a40a4,perf(level2): add direct packed-index fast paths for contiguous spmv/tpmv/tpsv,3,phase1_d,tpmv,32,303.995948,3.368466,2.508654,2026-04-23T07:18:57.974747+00:00
12a40a4,perf(level2): add direct packed-index fast paths for contiguous spmv/tpmv/tpsv,3,phase1_d,tpsv,32,680.798097,1.504117,1.200366,2026-04-23T07:18:57.974747+00:00
12a40a4,perf(level2): add direct packed-index fast paths for contiguous spmv/tpmv/tpsv,3,phase1_d,tbmv,32,37.547072,27.272433,0.983638,2026-04-23T07:18:57.974747+00:00
12a40a4,perf(level2): add direct packed-index fast paths for contiguous spmv/tpmv/tpsv,3,phase1_d,tbsv,32,13.100588,78.164433,0.982339,2026-04-23T07:18:57.974747+00:00
12a40a4,perf(level2): add direct packed-index fast paths for contiguous spmv/tpmv/tpsv,3,phase1_d,gemv,64,1319.303393,6.209337,0.996957,2026-04-23T07:18:57.974747+00:00
12a40a4,perf(level2): add direct packed-index fast paths for contiguous spmv/tpmv/tpsv,3,phase1_d,gemv_trans,64,2706.393816,3.026906,0.854303,2026-04-23T07:18:57.974747+00:00
12a40a4,perf(level2): add direct packed-index fast paths for contiguous spmv/tpmv/tpsv,3,phase1_d,trmv,64,776.138679,5.277407,1.042647,2026-04-23T07:18:57.974747+00:00
12a40a4,perf(level2): add direct packed-index fast paths for contiguous spmv/tpmv/tpsv,3,phase1_d,trsv,64,20.677902,198.085864,1.048088,2026-04-23T07:18:57.974747+00:00
12a40a4,perf(level2): add direct packed-index fast paths for contiguous spmv/tpmv/tpsv,3,phase1_d,symv,64,1415.871820,5.785834,0.980932,2026-04-23T07:18:57.974747+00:00
12a40a4,perf(level2): add direct packed-index fast paths for contiguous spmv/tpmv/tpsv,3,phase1_d,syr,64,858.212476,4.772711,0.922369,2026-04-23T07:18:57.974747+00:00
12a40a4,perf(level2): add direct packed-index fast paths for contiguous spmv/tpmv/tpsv,3,phase1_d,syr2,64,832.657624,9.838377,0.995003,2026-04-23T07:18:57.974747+00:00
12a40a4,perf(level2): add direct packed-index fast paths for contiguous spmv/tpmv/tpsv,3,phase1_d,spr,64,881.165601,4.648388,0.916471,2026-04-23T07:18:57.974747+00:00
12a40a4,perf(level2): add direct packed-index fast paths for contiguous spmv/tpmv/tpsv,3,phase1_d,spr2,64,841.856784,9.730871,1.099256,2026-04-23T07:18:57.974747+00:00
12a40a4,perf(level2): add direct packed-index fast paths for contiguous spmv/tpmv/tpsv,3,phase1_d,spmv,64,1330.483171,6.157162,2.545029,2026-04-23T07:18:57.974747+00:00
12a40a4,perf(level2): add direct packed-index fast paths for contiguous spmv/tpmv/tpsv,3,phase1_d,tpmv,64,1178.312438,3.476158,2.647896,2026-04-23T07:18:57.974747+00:00
12a40a4,perf(level2): add direct packed-index fast paths for contiguous spmv/tpmv/tpsv,3,phase1_d,tpsv,64,2680.448149,1.528103,1.045931,2026-04-23T07:18:57.974747+00:00
12a40a4,perf(level2): add direct packed-index fast paths for contiguous spmv/tpmv/tpsv,3,phase1_d,tbmv,64,79.422960,51.571989,0.933835,2026-04-23T07:18:57.974747+00:00
12a40a4,perf(level2): add direct packed-index fast paths for contiguous spmv/tpmv/tpsv,3,phase1_d,tbsv,64,30.764402,133.140895,0.855160,2026-04-23T07:18:57.974747+00:00
12a40a4,perf(level2): add direct packed-index fast paths for contiguous spmv/tpmv/tpsv,3,phase1_d,gemv,128,5928.337962,5.527350,0.977611,2026-04-23T07:18:57.974747+00:00
12a40a4,perf(level2): add direct packed-index fast paths for contiguous spmv/tpmv/tpsv,3,phase1_d,gemv_trans,128,11904.201099,2.752642,0.999202,2026-04-23T07:18:57.974747+00:00
12a40a4,perf(level2): add direct packed-index fast paths for contiguous spmv/tpmv/tpsv,3,phase1_d,trmv,128,3070.542586,5.335865,1.011128,2026-04-23T07:18:57.974747+00:00
12a40a4,perf(level2): add direct packed-index fast paths for contiguous spmv/tpmv/tpsv,3,phase1_d,trsv,128,52.180925,313.984466,1.071081,2026-04-23T07:18:57.974747+00:00
12a40a4,perf(level2): add direct packed-index fast paths for contiguous spmv/tpmv/tpsv,3,phase1_d,symv,128,6354.946012,5.156299,0.988521,2026-04-23T07:18:57.974747+00:00
12a40a4,perf(level2): add direct packed-index fast paths for contiguous spmv/tpmv/tpsv,3,phase1_d,syr,128,3324.533842,4.928210,0.975963,2026-04-23T07:18:57.974747+00:00
12a40a4,perf(level2): add direct packed-index fast paths for contiguous spmv/tpmv/tpsv,3,phase1_d,syr2,128,3340.032848,9.810682,0.985174,2026-04-23T07:18:57.974747+00:00
12a40a4,perf(level2): add direct packed-index fast paths for contiguous spmv/tpmv/tpsv,3,phase1_d,spr,128,3256.297004,5.031482,0.980521,2026-04-23T07:18:57.974747+00:00
12a40a4,perf(level2): add direct packed-index fast paths for contiguous spmv/tpmv/tpsv,3,phase1_d,spr2,128,3323.753867,9.858732,1.068430,2026-04-23T07:18:57.974747+00:00
12a40a4,perf(level2): add direct packed-index fast paths for contiguous spmv/tpmv/tpsv,3,phase1_d,spmv,128,6034.938482,5.429716,2.487819,2026-04-23T07:18:57.974747+00:00
12a40a4,perf(level2): add direct packed-index fast paths for contiguous spmv/tpmv/tpsv,3,phase1_d,tpmv,128,5594.790629,2.928438,2.611906,2026-04-23T07:18:57.974747+00:00
12a40a4,perf(level2): add direct packed-index fast paths for contiguous spmv/tpmv/tpsv,3,phase1_d,tpsv,128,10355.034947,1.582225,1.014031,2026-04-23T07:18:57.974747+00:00
12a40a4,perf(level2): add direct packed-index fast paths for contiguous spmv/tpmv/tpsv,3,phase1_d,tbmv,128,154.112168,106.312176,1.006183,2026-04-23T07:18:57.974747+00:00
12a40a4,perf(level2): add direct packed-index fast paths for contiguous spmv/tpmv/tpsv,3,phase1_d,tbsv,128,58.444671,280.333513,0.984651,2026-04-23T07:18:57.974747+00:00
12a40a4,perf(level2): add direct packed-index fast paths for contiguous spmv/tpmv/tpsv,3,phase1_d,gemv,256,21955.596163,5.969868,0.998607,2026-04-23T07:18:57.974747+00:00
12a40a4,perf(level2): add direct packed-index fast paths for contiguous spmv/tpmv/tpsv,3,phase1_d,gemv_trans,256,60723.329130,2.158511,0.986092,2026-04-23T07:18:57.974747+00:00
12a40a4,perf(level2): add direct packed-index fast paths for contiguous spmv/tpmv/tpsv,3,phase1_d,trmv,256,11601.813884,5.648772,1.036476,2026-04-23T07:18:57.974747+00:00
12a40a4,perf(level2): add direct packed-index fast paths for contiguous spmv/tpmv/tpsv,3,phase1_d,trsv,256,100.806086,650.119480,0.983268,2026-04-23T07:18:57.974747+00:00
12a40a4,perf(level2): add direct packed-index fast paths for contiguous spmv/tpmv/tpsv,3,phase1_d,symv,256,30803.136555,4.255151,0.981319,2026-04-23T07:18:57.974747+00:00
12a40a4,perf(level2): add direct packed-index fast paths for contiguous spmv/tpmv/tpsv,3,phase1_d,syr,256,13097.308713,5.003776,0.969039,2026-04-23T07:18:57.974747+00:00
12a40a4,perf(level2): add direct packed-index fast paths for contiguous spmv/tpmv/tpsv,3,phase1_d,syr2,256,15373.922213,8.525606,0.997862,2026-04-23T07:18:57.974747+00:00
12a40a4,perf(level2): add direct packed-index fast paths for contiguous spmv/tpmv/tpsv,3,phase1_d,spr,256,13406.154360,4.888501,1.002004,2026-04-23T07:18:57.974747+00:00
12a40a4,perf(level2): add direct packed-index fast paths for contiguous spmv/tpmv/tpsv,3,phase1_d,spr2,256,15832.415625,8.278711,0.979591,2026-04-23T07:18:57.974747+00:00
12a40a4,perf(level2): add direct packed-index fast paths for contiguous spmv/tpmv/tpsv,3,phase1_d,spmv,256,28226.938776,4.643507,2.474090,2026-04-23T07:18:57.974747+00:00
12a40a4,perf(level2): add direct packed-index fast paths for contiguous spmv/tpmv/tpsv,3,phase1_d,tpmv,256,26007.826740,2.519857,2.653609,2026-04-23T07:18:57.974747+00:00
12a40a4,perf(level2): add direct packed-index fast paths for contiguous spmv/tpmv/tpsv,3,phase1_d,tpsv,256,40425.760888,1.621145,0.998093,2026-04-23T07:18:57.974747+00:00
12a40a4,perf(level2): add direct packed-index fast paths for contiguous spmv/tpmv/tpsv,3,phase1_d,tbmv,256,302.367632,216.742776,0.994117,2026-04-23T07:18:57.974747+00:00
12a40a4,perf(level2): add direct packed-index fast paths for contiguous spmv/tpmv/tpsv,3,phase1_d,tbsv,256,108.109662,606.199285,1.008077,2026-04-23T07:18:57.974747+00:00
12a40a4,perf(level2): add direct packed-index fast paths for contiguous spmv/tpmv/tpsv,3,phase1_d,gemv,512,83347.885871,6.290358,1.023621,2026-04-23T07:18:57.974747+00:00
12a40a4,perf(level2): add direct packed-index fast paths for contiguous spmv/tpmv/tpsv,3,phase1_d,gemv_trans,512,279151.898734,1.878146,1.005862,2026-04-23T07:18:57.974747+00:00
12a40a4,perf(level2): add direct packed-index fast paths for contiguous spmv/tpmv/tpsv,3,phase1_d,trmv,512,43966.135823,5.962407,1.007277,2026-04-23T07:18:57.974747+00:00
12a40a4,perf(level2): add direct packed-index fast paths for contiguous spmv/tpmv/tpsv,3,phase1_d,trsv,512,185.934962,1409.869329,1.002768,2026-04-23T07:18:57.974747+00:00
12a40a4,perf(level2): add direct packed-index fast paths for contiguous spmv/tpmv/tpsv,3,phase1_d,symv,512,140251.016851,3.738212,0.972626,2026-04-23T07:18:57.974747+00:00
12a40a4,perf(level2): add direct packed-index fast paths for contiguous spmv/tpmv/tpsv,3,phase1_d,syr,512,64824.979898,4.043873,0.983176,2026-04-23T07:18:57.974747+00:00
12a40a4,perf(level2): add direct packed-index fast paths for contiguous spmv/tpmv/tpsv,3,phase1_d,syr2,512,87137.819359,6.016768,0.993473,2026-04-23T07:18:57.974747+00:00
12a40a4,perf(level2): add direct packed-index fast paths for contiguous spmv/tpmv/tpsv,3,phase1_d,spr,512,49170.687936,5.331306,0.955500,2026-04-23T07:18:57.974747+00:00
12a40a4,perf(level2): add direct packed-index fast paths for contiguous spmv/tpmv/tpsv,3,phase1_d,spr2,512,56366.970334,9.301334,0.984924,2026-04-23T07:18:57.974747+00:00
12a40a4,perf(level2): add direct packed-index fast paths for contiguous spmv/tpmv/tpsv,3,phase1_d,spmv,512,132338.403042,3.961722,2.254626,2026-04-23T07:18:57.974747+00:00
12a40a4,perf(level2): add direct packed-index fast paths for contiguous spmv/tpmv/tpsv,3,phase1_d,tpmv,512,125832.211289,2.083282,2.309719,2026-04-23T07:18:57.974747+00:00
12a40a4,perf(level2): add direct packed-index fast paths for contiguous spmv/tpmv/tpsv,3,phase1_d,tpsv,512,160113.681428,1.637237,0.996727,2026-04-23T07:18:57.974747+00:00
12a40a4,perf(level2): add direct packed-index fast paths for contiguous spmv/tpmv/tpsv,3,phase1_d,tbmv,512,600.997195,436.181736,1.015729,2026-04-23T07:18:57.974747+00:00
12a40a4,perf(level2): add direct packed-index fast paths for contiguous spmv/tpmv/tpsv,3,phase1_d,tbsv,512,210.852740,1243.256310,0.984786,2026-04-23T07:18:57.974747+00:00
12a40a4,perf(level2): add direct packed-index fast paths for contiguous spmv/tpmv/tpsv,3,phase1_d,gemm,32,10928.722781,5.996675,1.180660,2026-04-23T07:18:57.974747+00:00
12a40a4,perf(level2): add direct packed-index fast paths for contiguous spmv/tpmv/tpsv,3,phase1_d,syrk,32,6755.111799,4.850845,1.001908,2026-04-23T07:18:57.974747+00:00
12a40a4,perf(level2): add direct packed-index fast paths for contiguous spmv/tpmv/tpsv,3,phase1_d,syr2k,32,8490.983520,7.718305,0.999591,2026-04-23T07:18:57.974747+00:00
12a40a4,perf(level2): add direct packed-index fast paths for contiguous spmv/tpmv/tpsv,3,phase1_d,symm,32,8315.478861,7.881206,1.000457,2026-04-23T07:18:57.974747+00:00
12a40a4,perf(level2): add direct packed-index fast paths for contiguous spmv/tpmv/tpsv,3,phase1_d,trmm,32,6930.480053,4.728100,1.003667,2026-04-23T07:18:57.974747+00:00
12a40a4,perf(level2): add direct packed-index fast paths for contiguous spmv/tpmv/tpsv,3,phase1_d,trsm,32,348.685481,93.975808,0.997268,2026-04-23T07:18:57.974747+00:00
12a40a4,perf(level2): add direct packed-index fast paths for contiguous spmv/tpmv/tpsv,3,phase1_d,gemm,64,83777.010701,6.258137,1.027771,2026-04-23T07:18:57.974747+00:00
12a40a4,perf(level2): add direct packed-index fast paths for contiguous spmv/tpmv/tpsv,3,phase1_d,syrk,64,48803.905778,5.371373,0.994939,2026-04-23T07:18:57.974747+00:00
12a40a4,perf(level2): add direct packed-index fast paths for contiguous spmv/tpmv/tpsv,3,phase1_d,syr2k,64,54390.326209,9.639361,1.002273,2026-04-23T07:18:57.974747+00:00
12a40a4,perf(level2): add direct packed-index fast paths for contiguous spmv/tpmv/tpsv,3,phase1_d,symm,64,82382.724479,6.364053,0.998844,2026-04-23T07:18:57.974747+00:00
12a40a4,perf(level2): add direct packed-index fast paths for contiguous spmv/tpmv/tpsv,3,phase1_d,trmm,64,52183.853606,5.023470,0.988166,2026-04-23T07:18:57.974747+00:00
12a40a4,perf(level2): add direct packed-index fast paths for contiguous spmv/tpmv/tpsv,3,phase1_d,trsm,64,1312.146223,199.782612,1.004465,2026-04-23T07:18:57.974747+00:00
12a40a4,perf(level2): add direct packed-index fast paths for contiguous spmv/tpmv/tpsv,3,phase1_d,gemm,128,759835.365854,5.520017,1.000160,2026-04-23T07:18:57.974747+00:00
12a40a4,perf(level2): add direct packed-index fast paths for contiguous spmv/tpmv/tpsv,3,phase1_d,syrk,128,379593.272171,5.524734,1.004816,2026-04-23T07:18:57.974747+00:00
12a40a4,perf(level2): add direct packed-index fast paths for contiguous spmv/tpmv/tpsv,3,phase1_d,syr2k,128,528884.615385,7.930471,0.961582,2026-04-23T07:18:57.974747+00:00
12a40a4,perf(level2): add direct packed-index fast paths for contiguous spmv/tpmv/tpsv,3,phase1_d,symm,128,779509.316770,5.380698,0.990701,2026-04-23T07:18:57.974747+00:00
12a40a4,perf(level2): add direct packed-index fast paths for contiguous spmv/tpmv/tpsv,3,phase1_d,trmm,128,392745.980707,5.339716,1.005421,2026-04-23T07:18:57.974747+00:00
12a40a4,perf(level2): add direct packed-index fast paths for contiguous spmv/tpmv/tpsv,3,phase1_d,trsm,128,6469.783808,324.145607,0.993754,2026-04-23T07:18:57.974747+00:00
12a40a4,perf(level2): add direct packed-index fast paths for contiguous spmv/tpmv/tpsv,3,phase1_d,gemm,256,5805555.555556,5.779711,1.004485,2026-04-23T07:18:57.974747+00:00
12a40a4,perf(level2): add direct packed-index fast paths for contiguous spmv/tpmv/tpsv,3,phase1_d,syrk,256,3020391.304348,5.554650,1.000979,2026-04-23T07:18:57.974747+00:00
12a40a4,perf(level2): add direct packed-index fast paths for contiguous spmv/tpmv/tpsv,3,phase1_d,syr2k,256,4004729.729730,8.378701,1.003023,2026-04-23T07:18:57.974747+00:00
12a40a4,perf(level2): add direct packed-index fast paths for contiguous spmv/tpmv/tpsv,3,phase1_d,symm,256,7387727.272727,4.541915,0.998911,2026-04-23T07:18:57.974747+00:00
12a40a4,perf(level2): add direct packed-index fast paths for contiguous spmv/tpmv/tpsv,3,phase1_d,trmm,256,2980347.826087,5.629281,1.003786,2026-04-23T07:18:57.974747+00:00
12a40a4,perf(level2): add direct packed-index fast paths for contiguous spmv/tpmv/tpsv,3,phase1_d,trsm,256,29798.960782,563.013460,1.000416,2026-04-23T07:18:57.974747+00:00
12a40a4,perf(level2): add direct packed-index fast paths for contiguous spmv/tpmv/tpsv,3,phase1_d,gemm,512,42788000.000000,6.273615,1.003693,2026-04-23T07:18:57.974747+00:00
12a40a4,perf(level2): add direct packed-index fast paths for contiguous spmv/tpmv/tpsv,3,phase1_d,syrk,512,23209400.000000,5.782904,1.006954,2026-04-23T07:18:57.974747+00:00
12a40a4,perf(level2): add direct packed-index fast paths for contiguous spmv/tpmv/tpsv,3,phase1_d,syr2k,512,30603250.000000,8.771469,1.000400,2026-04-23T07:18:57.974747+00:00
12a40a4,perf(level2): add direct packed-index fast paths for contiguous spmv/tpmv/tpsv,3,phase1_d,symm,512,69039666.666667,3.888134,0.996623,2026-04-23T07:18:57.974747+00:00
12a40a4,perf(level2): add direct packed-index fast paths for contiguous spmv/tpmv/tpsv,3,phase1_d,trmm,512,22733300.000000,5.904014,1.004438,2026-04-23T07:18:57.974747+00:00
12a40a4,perf(level2): add direct packed-index fast paths for contiguous spmv/tpmv/tpsv,3,phase1_d,trsm,512,28044000.000000,4.785969,0.986165,2026-04-23T07:18:57.974747+00:00
